filename,basename,toolid,toolmode,parser_version,runid,start,duration,exit_code,findings,infos,errors,fails
../bench/0x272052c5d69d7904ef340a5f2945490c9fc3084b.sol,0x272052c5d69d7904ef340a5f2945490c9fc3084b.sol,confuzzius,solidity,2022/12/31,20250226_1431,1740585414.4185,2.61866760253906,1,{},{},{EXIT_CODE_1},{exception (UnicodeDecodeError: 'ascii' codec can't decode byte 0xc2 in position 2314: ordinal not in range(128))}
../bench/0xd2344f06ce022a7424619b2af222e71b65824975.sol,0xd2344f06ce022a7424619b2af222e71b65824975.sol,confuzzius,solidity,2022/12/31,20250226_1431,1740580855.79387,3.70181155204773,1,{},{},{EXIT_CODE_1},{exception (UnicodeDecodeError: 'ascii' codec can't decode byte 0xe2 in position 5175: ordinal not in range(128))}
../bench/0xd2354acf1a2f06d69d8bc2e2048aabd404445df6.sol,0xd2354acf1a2f06d69d8bc2e2048aabd404445df6.sol,confuzzius,solidity,2022/12/31,20250226_1431,1740583976.312,470.823197364807,0,"{Assertion_Failure,Integer_Overflow}",{},{},{}
../bench/0xd2413729c24f77d77f53d3a3636e41ef65c4f0de.sol,0xd2413729c24f77d77f53d3a3636e41ef65c4f0de.sol,confuzzius,solidity,2022/12/31,20250226_1431,1740584839.29647,575.118764400482,0,{Integer_Overflow},{},{},{}
../bench/0xd2425561799564001f13bc7586936a702675dc70.sol,0xd2425561799564001f13bc7586936a702675dc70.sol,confuzzius,solidity,2022/12/31,20250226_1431,1740580429.92108,425.856662273407,0,{},{},{},{}
../bench/0xd26fb114401ec86887cd09f62eccd95fcf20b571.sol,0xd26fb114401ec86887cd09f62eccd95fcf20b571.sol,confuzzius,solidity,2022/12/31,20250226_1431,1740582313.51157,577.906073570251,0,{Integer_Overflow},{},{},{}
../bench/0xd27b389de0234421dd98fe901c922ad4029cfe88.sol,0xd27b389de0234421dd98fe901c922ad4029cfe88.sol,confuzzius,solidity,2022/12/31,20250226_1431,1740584450.47837,383.837078094482,0,{},{},{},{}
../bench/0xd28130c3f252ae8a7931608d1820341685c5ae6c.sol,0xd28130c3f252ae8a7931608d1820341685c5ae6c.sol,confuzzius,solidity,2022/12/31,20250226_1431,1740583302.67454,2.48613905906677,1,{},{},{EXIT_CODE_1},{exception (UnicodeDecodeError: 'ascii' codec can't decode byte 0xcf in position 14038: ordinal not in range(128))}
../bench/0xd28cfec79db8d0a225767d06140aee280718ab7e.sol,0xd28cfec79db8d0a225767d06140aee280718ab7e.sol,confuzzius,solidity,2022/12/31,20250226_1431,1740581729.25784,584.250928163528,0,{},{},{},{}
../bench/0xd29336390aa40680c69392fe0e71bb59985bdcbc.sol,0xd29336390aa40680c69392fe0e71bb59985bdcbc.sol,confuzzius,solidity,2022/12/31,20250226_1431,1740583305.16166,78.4920125007629,254,{},{},"{EXIT_CODE_254,Problem while deploying contract CappedToken using account 0xcafebabecafebabecafebabecafebabecafebabe. Error message: b''}",{}
../bench/0xd29b239328ce77775ee518bbab99d40dbfe3cf2e.sol,0xd29b239328ce77775ee518bbab99d40dbfe3cf2e.sol,confuzzius,solidity,2022/12/31,20250226_1431,1740581251.46042,477.794924497604,0,"{Assertion_Failure,Block_Dependency,Integer_Overflow}",{},{},{}
../bench/0xd29f0b5b3f50b07fe9a9511f7d86f4f4bac3f8c4.sol,0xd29f0b5b3f50b07fe9a9511f7d86f4f4bac3f8c4.sol,confuzzius,solidity,2022/12/31,20250226_1431,1740582910.0522,392.621351003647,0,{Integer_Overflow},{},{},{}
../bench/0xd2a5b76694655433ab913297fff2f511f7492177.sol,0xd2a5b76694655433ab913297fff2f511f7492177.sol,confuzzius,solidity,2022/12/31,20250226_1431,1740586478.68174,223.790367364883,254,{Integer_Overflow},{},"{EXIT_CODE_254,""Problem while deploying contract KDO using account 0xcafebabecafebabecafebabecafebabecafebabe. Error message: b'\x08\xc3y\xa0\x00\x00\x00\x00\x00\x00\x00\x00\x00\x00\x00\x00\x00\x00\x00\x00\x00\x00\x00\x00\x00\x00\x00\x00\x00\x00\x00\x00\x00\x00\x00 \x00\x00\x00\x00\x00\x00\x00\x00\x00\x00\x00\x00\x00\x00\x00\x00\x00\x00\x00\x00\x00\x00\x00\x00\x00\x00\x00\x00\x00\x00\x00B{error: BAD_VALUE, message: \""A commission it too low or too high\""}\x00\x00\x00\x00\x00\x00\x00\x00\x00\x00\x00\x00\x00\x00\x00\x00\x00\x00\x00\x00\x00\x00\x00\x00\x00\x00\x00\x00\x00\x00'""}",{}
../bench/0xd2bae9a30a40376d25353773010ffe52dba0d688.sol,0xd2bae9a30a40376d25353773010ffe52dba0d688.sol,confuzzius,solidity,2022/12/31,20250226_1431,1740585417.03817,2.25728797912598,1,{},{},{EXIT_CODE_1},{exception (UnicodeDecodeError: 'ascii' codec can't decode byte 0xcf in position 38776: ordinal not in range(128))}
../bench/0xd2bb16cf38ca086cab5128d5c25de9477ebd596b.sol,0xd2bb16cf38ca086cab5128d5c25de9477ebd596b.sol,confuzzius,solidity,2022/12/31,20250226_1431,1740584834.32394,4.97033548355103,1,{},{},{EXIT_CODE_1},{exception (UnicodeDecodeError: 'ascii' codec can't decode byte 0xe2 in position 27802: ordinal not in range(128))}
../bench/0xd2bfec3f80b7d966d7657a2ecc5982ee2f49336a.sol,0xd2bfec3f80b7d966d7657a2ecc5982ee2f49336a.sol,confuzzius,solidity,2022/12/31,20250226_1431,1740585419.29625,463.309859514236,0,"{Assertion_Failure,Integer_Overflow}",{},{},{}
../bench/0xd2c21a585001d594183f6859a2796316505e37b8.sol,0xd2c21a585001d594183f6859a2796316505e37b8.sol,confuzzius,solidity,2022/12/31,20250226_1431,1740583383.65468,592.645019769669,0,"{Block_Dependency,Transaction_Order_Dependency}",{},{Validation error: Sender account balance cannot afford txn (ignoring for now)},{}
../bench/0xd2d111c0f3cf09777815b71dd3cac9d435bd760c.sol,0xd2d111c0f3cf09777815b71dd3cac9d435bd760c.sol,confuzzius,solidity,2022/12/31,20250226_1431,1740580863.34432,383.603539466858,0,{Arbitrary_Memory_Access},{},{},{}
../bench/0xd2d660055fecf35b66e8e1da82c3aec55a6d2c51.sol,0xd2d660055fecf35b66e8e1da82c3aec55a6d2c51.sol,confuzzius,solidity,2022/12/31,20250226_1431,1740586704.83749,583.202704429626,0,{},{},{},{}
../bench/0xd2ea19be7cb6ab94f0fcdaa822fd0689e77fa950.sol,0xd2ea19be7cb6ab94f0fcdaa822fd0689e77fa950.sol,confuzzius,solidity,2022/12/31,20250226_1431,1740580398.2664,31.653256893158,1,{},{},{EXIT_CODE_1},{exception (UnicodeDecodeError: 'ascii' codec can't decode byte 0xe5 in position 3187: ordinal not in range(128))}
../bench/0xd2ea3d1be7b482966ba8627ff009b84bac3bf51e.sol,0xd2ea3d1be7b482966ba8627ff009b84bac3bf51e.sol,confuzzius,solidity,2022/12/31,20250226_1431,1740585882.62713,596.046224355698,0,{},{},{Validation error: Sender account balance cannot afford txn (ignoring for now)},{}
../bench/CsigmaV2FundManager.sol,CsigmaV2FundManager.sol,confuzzius,solidity,2022/12/31,20250226_1431,1740581246.95285,4.506108045578,255,{},{},"{EXIT_CODE_255,No compiler output for: /sb/CsigmaV2FundManager.sol}",{}
../bench/ERC721AQueryableUpgradeable.sol,ERC721AQueryableUpgradeable.sol,confuzzius,solidity,2022/12/31,20250226_1431,1740580859.50623,3.83702969551086,255,{},{},"{EXIT_CODE_255,No compiler output for: /sb/ERC721AQueryableUpgradeable.sol}",{}
../bench/EnumerableMapExtended.sol,EnumerableMapExtended.sol,confuzzius,solidity,2022/12/31,20250226_1431,1740582905.36798,4.67911577224731,255,{},{},"{EXIT_CODE_255,No compiler output for: /sb/EnumerableMapExtended.sol}",{}
../bench/EnumerableSet.sol,EnumerableSet.sol,confuzzius,solidity,2022/12/31,20250226_1431,1740582901.69016,3.67622995376587,0,{},{},{},{}
../bench/HeyMintERC1155ExtensionD.sol,HeyMintERC1155ExtensionD.sol,confuzzius,solidity,2022/12/31,20250226_1431,1740582896.70995,4.97792315483093,255,{},{},"{EXIT_CODE_255,No compiler output for: /sb/HeyMintERC1155ExtensionD.sol}",{}
../bench/Proof.sol,Proof.sol,confuzzius,solidity,2022/12/31,20250226_1431,1740582891.44479,5.25920414924622,255,{},{},"{EXIT_CODE_255,No compiler output for: /sb/Proof.sol}",{}
../bench/braw.sol,braw.sol,confuzzius,solidity,2022/12/31,20250226_1431,1740584447.13803,3.33929872512817,255,{},{},"{EXIT_CODE_255,No compiler output for: /sb/braw.sol}",{}
../bench/standard.sol,standard.sol,confuzzius,solidity,2022/12/31,20250226_1431,1740586702.47309,2.36307406425476,255,{},{},"{EXIT_CODE_255,No compiler output for: /sb/standard.sol}",{}
./0x0D457d09A70763ce09c0B8c34556D020B93FBAB8.sol,0x0D457d09A70763ce09c0B8c34556D020B93FBAB8.sol,confuzzius,solidity,2022/12/31,20250227_1705,1740675930.05167,2.88886666297913,255,{},{},"{EXIT_CODE_255,No compiler output for: /sb/0x0D457d09A70763ce09c0B8c34556D020B93FBAB8.sol}",{}
../bench/0x272052c5d69d7904ef340a5f2945490c9fc3084b.sol,0x272052c5d69d7904ef340a5f2945490c9fc3084b.sol,maian,solidity,2022/11/11,20250303_1222,1741005150.1034,231.850466012955,0,"{No_Ether_leak_no_send,No_Ether_lock_Ether_refused,Not_destructible_no_self_destruct}",{},{},{}
../bench/0xd2344f06ce022a7424619b2af222e71b65824975.sol,0xd2344f06ce022a7424619b2af222e71b65824975.sol,maian,solidity,2022/11/11,20250303_1222,1741008353.28143,102.370805740356,0,"{Ether_lock,No_Ether_leak_no_send,No_Ether_lock_Ether_refused,Not_destructible_no_self_destruct}",{},{},{}
../bench/0xd2354acf1a2f06d69d8bc2e2048aabd404445df6.sol,0xd2354acf1a2f06d69d8bc2e2048aabd404445df6.sol,maian,solidity,2022/11/11,20250303_1222,1741004576.33737,338.026259183884,0,"{No_Ether_leak_no_send,No_Ether_lock_Ether_refused,Not_destructible_no_self_destruct}",{},{},{}
../bench/0xd2413729c24f77d77f53d3a3636e41ef65c4f0de.sol,0xd2413729c24f77d77f53d3a3636e41ef65c4f0de.sol,maian,solidity,2022/11/11,20250303_1222,1741005381.95534,458.514466047287,0,"{No_Ether_leak_no_send,No_Ether_lock_Ether_refused,Not_destructible_no_self_destruct}",{},{},{}
../bench/0xd2425561799564001f13bc7586936a702675dc70.sol,0xd2425561799564001f13bc7586936a702675dc70.sol,maian,solidity,2022/11/11,20250303_1222,1741007280.56435,128.487052679062,0,"{No_Ether_leak_no_send,No_Ether_lock_Ether_refused,Not_destructible_no_self_destruct}",{},{},{}
../bench/0xd26fb114401ec86887cd09f62eccd95fcf20b571.sol,0xd26fb114401ec86887cd09f62eccd95fcf20b571.sol,maian,solidity,2022/11/11,20250303_1222,1741006585.96131,370.967547178268,0,"{No_Ether_leak_no_send,No_Ether_lock_Ether_refused,Not_destructible_no_self_destruct}",{},{},{}
../bench/0xd27b389de0234421dd98fe901c922ad4029cfe88.sol,0xd27b389de0234421dd98fe901c922ad4029cfe88.sol,maian,solidity,2022/11/11,20250303_1222,1741008009.41778,110.52800989151,0,"{No_Ether_leak_no_send,No_Ether_lock_Ether_refused,Not_destructible_no_self_destruct}",{},{},{}
../bench/0xd28130c3f252ae8a7931608d1820341685c5ae6c.sol,0xd28130c3f252ae8a7931608d1820341685c5ae6c.sol,maian,solidity,2022/11/11,20250303_1222,1741008607.36304,645.404298305512,0,"{No_Ether_leak_no_send,No_Ether_lock_Ether_refused,Not_destructible_no_self_destruct}",{},{},{}
../bench/0xd28cfec79db8d0a225767d06140aee280718ab7e.sol,0xd28cfec79db8d0a225767d06140aee280718ab7e.sol,maian,solidity,2022/11/11,20250303_1222,1741007767.78817,68.73686003685,0,"{No_Ether_leak_no_send,No_Ether_lock_Ether_refused,Not_destructible_no_self_destruct}",{},{},{}
../bench/0xd29336390aa40680c69392fe0e71bb59985bdcbc.sol,0xd29336390aa40680c69392fe0e71bb59985bdcbc.sol,maian,solidity,2022/11/11,20250303_1222,1741007437.84233,250.259016036987,0,"{No_Ether_leak_no_send,No_Ether_lock_Ether_refused,Not_destructible_no_self_destruct}",{},{},{}
../bench/0xd29b239328ce77775ee518bbab99d40dbfe3cf2e.sol,0xd29b239328ce77775ee518bbab99d40dbfe3cf2e.sol,maian,solidity,2022/11/11,20250303_1222,1741006956.92968,323.633717775345,0,"{No_Ether_leak_no_send,No_Ether_lock_Ether_refused,Not_destructible_no_self_destruct}",{},{},{}
../bench/0xd29f0b5b3f50b07fe9a9511f7d86f4f4bac3f8c4.sol,0xd29f0b5b3f50b07fe9a9511f7d86f4f4bac3f8c4.sol,maian,solidity,2022/11/11,20250303_1222,1741008249.26332,104.017431974411,0,"{No_Ether_leak_no_send,No_Ether_lock_Ether_refused,Not_destructible_no_self_destruct}",{},{},{}
../bench/0xd2a5b76694655433ab913297fff2f511f7492177.sol,0xd2a5b76694655433ab913297fff2f511f7492177.sol,maian,solidity,2022/11/11,20250303_1222,1741008455.65306,151.70933842659,0,"{No_Ether_leak_no_send,No_Ether_lock_Ether_refused,Not_destructible_no_self_destruct}",{},{},{}
../bench/0xd2bae9a30a40376d25353773010ffe52dba0d688.sol,0xd2bae9a30a40376d25353773010ffe52dba0d688.sol,maian,solidity,2022/11/11,20250303_1222,1741005840.47069,396.558388710022,0,"{No_Ether_leak_no_send,No_Ether_lock_Ether_refused,Not_destructible_no_self_destruct}",{},{},{}
../bench/0xd2bb16cf38ca086cab5128d5c25de9477ebd596b.sol,0xd2bb16cf38ca086cab5128d5c25de9477ebd596b.sol,maian,solidity,2022/11/11,20250303_1222,1741009456.83187,573.422114133835,0,"{No_Ether_leak_no_send,No_Ether_lock_Ether_refused,Not_destructible_no_self_destruct}",{},{},{}
../bench/0xd2bfec3f80b7d966d7657a2ecc5982ee2f49336a.sol,0xd2bfec3f80b7d966d7657a2ecc5982ee2f49336a.sol,maian,solidity,2022/11/11,20250303_1222,1741006363.31149,222.649051189423,0,"{No_Ether_leak_no_send,No_Ether_lock_Ether_refused,Not_destructible_no_self_destruct}",{},{},{}
../bench/0xd2c21a585001d594183f6859a2796316505e37b8.sol,0xd2c21a585001d594183f6859a2796316505e37b8.sol,maian,solidity,2022/11/11,20250303_1222,1741008119.94646,129.314683198929,0,{Not_destructible_no_self_destruct},{},{Unknown operation},{}
../bench/0xd2d111c0f3cf09777815b71dd3cac9d435bd760c.sol,0xd2d111c0f3cf09777815b71dd3cac9d435bd760c.sol,maian,solidity,2022/11/11,20250303_1222,1741004914.36569,107.628172874451,0,"{No_Ether_leak_no_send,No_Ether_lock_Ether_refused,Not_destructible_no_self_destruct}",{},{},{}
../bench/0xd2d660055fecf35b66e8e1da82c3aec55a6d2c51.sol,0xd2d660055fecf35b66e8e1da82c3aec55a6d2c51.sol,maian,solidity,2022/11/11,20250303_1222,1741006237.02987,68.2016158103943,0,"{No_Ether_leak_no_send,No_Ether_lock_Ether_refused,Not_destructible_no_self_destruct}",{},{},{}
../bench/0xd2ea19be7cb6ab94f0fcdaa822fd0689e77fa950.sol,0xd2ea19be7cb6ab94f0fcdaa822fd0689e77fa950.sol,maian,solidity,2022/11/11,20250303_1222,1741007916.50281,92.914044380188,0,"{No_Ether_leak_no_send,No_Ether_lock_Ether_refused,Not_destructible_no_self_destruct}",{},{},{}
../bench/0xd2ea3d1be7b482966ba8627ff009b84bac3bf51e.sol,0xd2ea3d1be7b482966ba8627ff009b84bac3bf51e.sol,maian,solidity,2022/11/11,20250303_1222,1741007409.05234,28.7891790866852,0,{},{},{},{}
../bench/CsigmaV2FundManager.sol,CsigmaV2FundManager.sol,maian,solidity,2022/11/11,20250303_1222,1741005021.99453,72.7206497192383,0,{},{},{Cannot compile the contract},{}
../bench/ERC721AQueryableUpgradeable.sol,ERC721AQueryableUpgradeable.sol,maian,solidity,2022/11/11,20250303_1222,1741007836.52562,79.9762637615204,0,{},{},{Cannot compile the contract},{}
../bench/EnumerableMapExtended.sol,EnumerableMapExtended.sol,maian,solidity,2022/11/11,20250303_1222,1741005094.71705,55.3849663734436,0,{},{},{Cannot compile the contract},{}
../bench/EnumerableSet.sol,EnumerableSet.sol,maian,solidity,2022/11/11,20250303_1222,1741009252.76817,25.3053402900696,0,"{No_Ether_leak_no_send,No_Ether_lock_Ether_refused,Not_destructible_no_self_destruct}",{},{},{}
../bench/HeyMintERC1155ExtensionD.sol,HeyMintERC1155ExtensionD.sol,maian,solidity,2022/11/11,20250303_1222,1741009369.5811,87.2498252391815,0,{},{},{Cannot compile the contract},{}
../bench/Proof.sol,Proof.sol,maian,solidity,2022/11/11,20250303_1222,1741007688.10226,79.6846578121185,0,{},{},{Cannot compile the contract},{}
../bench/braw.sol,braw.sol,maian,solidity,2022/11/11,20250303_1222,1741009278.07434,91.503422498703,0,{},{},{Cannot compile the contract},{}
../bench/standard.sol,standard.sol,maian,solidity,2022/11/11,20250303_1222,1741006305.23238,58.078405380249,0,{},{},{Cannot compile the contract},{}
../bench/0x272052c5d69d7904ef340a5f2945490c9fc3084b.sol,0x272052c5d69d7904ef340a5f2945490c9fc3084b.sol,manticore-0.3.7,solidity,2022/11/17,20250227_1239,1740662316.98663,611.524026870728,,{},{},{},{DOCKER_TIMEOUT}
../bench/0xd2344f06ce022a7424619b2af222e71b65824975.sol,0xd2344f06ce022a7424619b2af222e71b65824975.sol,manticore-0.3.7,solidity,2022/11/17,20250227_1239,1740664782.79913,475.97607755661,0,{},{},{},"{exception (manticore.core.state.Concretize),exception (manticore.exceptions.ManticoreError: Forking on unfeasible constraint set)}"
../bench/0xd2354acf1a2f06d69d8bc2e2048aabd404445df6.sol,0xd2354acf1a2f06d69d8bc2e2048aabd404445df6.sol,manticore-0.3.7,solidity,2022/11/17,20250227_1239,1740661705.71659,611.258993625641,,{},{},{},{DOCKER_TIMEOUT}
../bench/0xd2413729c24f77d77f53d3a3636e41ef65c4f0de.sol,0xd2413729c24f77d77f53d3a3636e41ef65c4f0de.sol,manticore-0.3.7,solidity,2022/11/17,20250227_1239,1740666481.81284,611.376378774643,,{},{},{},"{DOCKER_TIMEOUT,exception (manticore.core.state.Concretize),exception (manticore.exceptions.ManticoreError: Forking on unfeasible constraint set)}"
../bench/0xd2425561799564001f13bc7586936a702675dc70.sol,0xd2425561799564001f13bc7586936a702675dc70.sol,manticore-0.3.7,solidity,2022/11/17,20250227_1239,1740670839.94969,611.515172481537,,{},{manticore.yml not found},{},"{DOCKER_TIMEOUT,exception (manticore.core.state.Concretize),exception (manticore.exceptions.ManticoreError: Forking on unfeasible constraint set),exception (manticore.exceptions.SolverError: Solver could not find a value for expression under current constraint set)}"
../bench/0xd26fb114401ec86887cd09f62eccd95fcf20b571.sol,0xd26fb114401ec86887cd09f62eccd95fcf20b571.sol,manticore-0.3.7,solidity,2022/11/17,20250227_1239,1740663541.98914,611.038004398346,,{},{},{},"{DOCKER_TIMEOUT,exception (manticore.core.state.Concretize),exception (manticore.exceptions.ManticoreError: Forking on unfeasible constraint set)}"
../bench/0xd27b389de0234421dd98fe901c922ad4029cfe88.sol,0xd27b389de0234421dd98fe901c922ad4029cfe88.sol,manticore-0.3.7,solidity,2022/11/17,20250227_1239,1740662928.51231,611.013876676559,,{},{},{},{DOCKER_TIMEOUT}
../bench/0xd28130c3f252ae8a7931608d1820341685c5ae6c.sol,0xd28130c3f252ae8a7931608d1820341685c5ae6c.sol,manticore-0.3.7,solidity,2022/11/17,20250227_1239,1740668983.87309,611.377638816834,,{},{manticore.yml not found},{},"{DOCKER_TIMEOUT,exception (manticore.exceptions.SolverError: Solver could not find a value for expression under current constraint set)}"
../bench/0xd28cfec79db8d0a225767d06140aee280718ab7e.sol,0xd28cfec79db8d0a225767d06140aee280718ab7e.sol,manticore-0.3.7,solidity,2022/11/17,20250227_1239,1740665258.77813,611.182874917984,,{},{},{},{DOCKER_TIMEOUT}
../bench/0xd29336390aa40680c69392fe0e71bb59985bdcbc.sol,0xd29336390aa40680c69392fe0e71bb59985bdcbc.sol,manticore-0.3.7,solidity,2022/11/17,20250227_1239,1740667738.63163,611.038691043854,,{},{},{},{DOCKER_TIMEOUT}
../bench/0xd29b239328ce77775ee518bbab99d40dbfe3cf2e.sol,0xd29b239328ce77775ee518bbab99d40dbfe3cf2e.sol,manticore-0.3.7,solidity,2022/11/17,20250227_1239,1740671451.467,611.097232818604,,{},{},{},{DOCKER_TIMEOUT}
../bench/0xd29f0b5b3f50b07fe9a9511f7d86f4f4bac3f8c4.sol,0xd29f0b5b3f50b07fe9a9511f7d86f4f4bac3f8c4.sol,manticore-0.3.7,solidity,2022/11/17,20250227_1239,1740669595.2617,611.406926393509,,{},{},{},"{DOCKER_TIMEOUT,exception (manticore.core.state.Concretize),exception (manticore.exceptions.ManticoreError: Forking on unfeasible constraint set)}"
../bench/0xd2a5b76694655433ab913297fff2f511f7492177.sol,0xd2a5b76694655433ab913297fff2f511f7492177.sol,manticore-0.3.7,solidity,2022/11/17,20250227_1239,1740661094.65246,611.063152551651,,{},{},{},"{DOCKER_TIMEOUT,exception (manticore.core.state.Concretize),exception (manticore.exceptions.ManticoreError: Forking on unfeasible constraint set)}"
../bench/0xd2bae9a30a40376d25353773010ffe52dba0d688.sol,0xd2bae9a30a40376d25353773010ffe52dba0d688.sol,manticore-0.3.7,solidity,2022/11/17,20250227_1239,1740660073.88554,611.851357936859,,{},{manticore.yml not found},{},"{DOCKER_TIMEOUT,exception (manticore.core.state.Concretize),exception (manticore.exceptions.ManticoreError: Forking on unfeasible constraint set),exception (manticore.exceptions.SolverError: Solver could not find a value for expression under current constraint set)}"
../bench/0xd2bb16cf38ca086cab5128d5c25de9477ebd596b.sol,0xd2bb16cf38ca086cab5128d5c25de9477ebd596b.sol,manticore-0.3.7,solidity,2022/11/17,20250227_1239,1740668357.60484,611.060567378998,,{},{},{},{DOCKER_TIMEOUT}
../bench/0xd2bfec3f80b7d966d7657a2ecc5982ee2f49336a.sol,0xd2bfec3f80b7d966d7657a2ecc5982ee2f49336a.sol,manticore-0.3.7,solidity,2022/11/17,20250227_1239,1740664153.03253,611.038760662079,,{},{},{},{DOCKER_TIMEOUT}
../bench/0xd2c21a585001d594183f6859a2796316505e37b8.sol,0xd2c21a585001d594183f6859a2796316505e37b8.sol,manticore-0.3.7,solidity,2022/11/17,20250227_1239,1740665869.96306,611.844619750977,,{},{},{},{DOCKER_TIMEOUT}
../bench/0xd2d111c0f3cf09777815b71dd3cac9d435bd760c.sol,0xd2d111c0f3cf09777815b71dd3cac9d435bd760c.sol,manticore-0.3.7,solidity,2022/11/17,20250227_1239,1740660685.74364,408.90756726265,0,{},{},{},"{exception (manticore.core.state.Concretize),exception (manticore.exceptions.ManticoreError: Forking on unfeasible constraint set)}"
../bench/0xd2d660055fecf35b66e8e1da82c3aec55a6d2c51.sol,0xd2d660055fecf35b66e8e1da82c3aec55a6d2c51.sol,manticore-0.3.7,solidity,2022/11/17,20250227_1239,1740667093.19033,611.007787227631,,{},{},{},"{DOCKER_TIMEOUT,exception (manticore.core.state.Concretize),exception (manticore.exceptions.ManticoreError: Forking on unfeasible constraint set)}"
../bench/0xd2ea19be7cb6ab94f0fcdaa822fd0689e77fa950.sol,0xd2ea19be7cb6ab94f0fcdaa822fd0689e77fa950.sol,manticore-0.3.7,solidity,2022/11/17,20250227_1239,1740670206.68307,613.372786998749,,{},{},{},"{DOCKER_TIMEOUT,exception (manticore.core.state.Concretize),exception (manticore.exceptions.ManticoreError: Forking on unfeasible constraint set)}"
../bench/0xd2ea3d1be7b482966ba8627ff009b84bac3bf51e.sol,0xd2ea3d1be7b482966ba8627ff009b84bac3bf51e.sol,manticore-0.3.7,solidity,2022/11/17,20250227_1239,1740664764.0802,18.7174472808838,0,{},{},{},{}
../bench/CsigmaV2FundManager.sol,CsigmaV2FundManager.sol,manticore-0.3.7,solidity,2022/11/17,20250227_1239,1740672062.56554,11.6391665935516,0,{},{},{solc error},{exception (AttributeError: 'NoneType' object has no attribute 'result')}
../bench/ERC721AQueryableUpgradeable.sol,ERC721AQueryableUpgradeable.sol,manticore-0.3.7,solidity,2022/11/17,20250227_1239,1740670820.05741,19.8903503417969,0,{},{},{solc error},{exception (AttributeError: 'NoneType' object has no attribute 'result')}
../bench/EnumerableMapExtended.sol,EnumerableMapExtended.sol,manticore-0.3.7,solidity,2022/11/17,20250227_1239,1740668349.67409,7.92956209182739,0,{},{},{solc error},{exception (AttributeError: 'NoneType' object has no attribute 'result')}
../bench/EnumerableSet.sol,EnumerableSet.sol,manticore-0.3.7,solidity,2022/11/17,20250227_1239,1740663539.5273,2.46011161804199,0,{},{},{},{}
../bench/HeyMintERC1155ExtensionD.sol,HeyMintERC1155ExtensionD.sol,manticore-0.3.7,solidity,2022/11/17,20250227_1239,1740667704.19909,16.6540472507477,0,{},{},{solc error},{exception (AttributeError: 'NoneType' object has no attribute 'result')}
../bench/Proof.sol,Proof.sol,manticore-0.3.7,solidity,2022/11/17,20250227_1239,1740668968.66812,15.2034900188446,0,{},{},{solc error},{exception (AttributeError: 'NoneType' object has no attribute 'result')}
../bench/braw.sol,braw.sol,manticore-0.3.7,solidity,2022/11/17,20250227_1239,1740667720.85611,17.7719647884369,0,{},{},{solc error},{exception (AttributeError: 'NoneType' object has no attribute 'result')}
../bench/standard.sol,standard.sol,manticore-0.3.7,solidity,2022/11/17,20250227_1239,1740660038.51537,35.3687655925751,0,{},{},{solc error},{exception (AttributeError: 'NoneType' object has no attribute 'result')}
../bench/0x272052c5d69d7904ef340a5f2945490c9fc3084b.sol,0x272052c5d69d7904ef340a5f2945490c9fc3084b.sol,mythril-0.24.7,solidity,2024/03/24,20250227_0840,1740649579.17205,611.605007171631,,{},{},{},{DOCKER_TIMEOUT}
../bench/0xd2344f06ce022a7424619b2af222e71b65824975.sol,0xd2344f06ce022a7424619b2af222e71b65824975.sol,mythril-0.24.7,solidity,2024/03/24,20250227_0840,1740654405.42305,36.1250104904175,1,"{Dependence_on_predictable_environment_variable_SWC_116,Dependence_on_tx_origin_SWC_115}",{},{},{}
../bench/0xd2354acf1a2f06d69d8bc2e2048aabd404445df6.sol,0xd2354acf1a2f06d69d8bc2e2048aabd404445df6.sol,mythril-0.24.7,solidity,2024/03/24,20250227_0840,1740652399.38049,610.960805177689,,{},{},{},{DOCKER_TIMEOUT}
../bench/0xd2413729c24f77d77f53d3a3636e41ef65c4f0de.sol,0xd2413729c24f77d77f53d3a3636e41ef65c4f0de.sol,mythril-0.24.7,solidity,2024/03/24,20250227_0840,1740654450.69035,550.81191444397,1,{External_Call_To_User_Supplied_Address_SWC_107},{},{},{}
../bench/0xd2425561799564001f13bc7586936a702675dc70.sol,0xd2425561799564001f13bc7586936a702675dc70.sol,mythril-0.24.7,solidity,2024/03/24,20250227_0840,1740648694.86477,80.1052815914154,0,{},{},{},{}
../bench/0xd26fb114401ec86887cd09f62eccd95fcf20b571.sol,0xd26fb114401ec86887cd09f62eccd95fcf20b571.sol,mythril-0.24.7,solidity,2024/03/24,20250227_0840,1740653010.34199,555.181859016419,1,{External_Call_To_User_Supplied_Address_SWC_107},{},{},{}
../bench/0xd27b389de0234421dd98fe901c922ad4029cfe88.sol,0xd27b389de0234421dd98fe901c922ad4029cfe88.sol,mythril-0.24.7,solidity,2024/03/24,20250227_0840,1740653565.52444,536.247082471848,1,{External_Call_To_User_Supplied_Address_SWC_107},{},{},{}
../bench/0xd28130c3f252ae8a7931608d1820341685c5ae6c.sol,0xd28130c3f252ae8a7931608d1820341685c5ae6c.sol,mythril-0.24.7,solidity,2024/03/24,20250227_0840,1740645701.39811,630.82635641098,,{},{},{},{DOCKER_TIMEOUT}
../bench/0xd28cfec79db8d0a225767d06140aee280718ab7e.sol,0xd28cfec79db8d0a225767d06140aee280718ab7e.sol,mythril-0.24.7,solidity,2024/03/24,20250227_0840,1740650809.69097,366.716023921967,0,{},{},{},{}
../bench/0xd29336390aa40680c69392fe0e71bb59985bdcbc.sol,0xd29336390aa40680c69392fe0e71bb59985bdcbc.sol,mythril-0.24.7,solidity,2024/03/24,20250227_0840,1740651176.40877,612.005677938461,,{},{},{},{DOCKER_TIMEOUT}
../bench/0xd29b239328ce77775ee518bbab99d40dbfe3cf2e.sol,0xd29b239328ce77775ee518bbab99d40dbfe3cf2e.sol,mythril-0.24.7,solidity,2024/03/24,20250227_0840,1740647452.19381,611.811411619186,,{},{},{},{DOCKER_TIMEOUT}
../bench/0xd29f0b5b3f50b07fe9a9511f7d86f4f4bac3f8c4.sol,0xd29f0b5b3f50b07fe9a9511f7d86f4f4bac3f8c4.sol,mythril-0.24.7,solidity,2024/03/24,20250227_0840,1740648082.80388,612.060277462006,,{},{},{},{DOCKER_TIMEOUT}
../bench/0xd2a5b76694655433ab913297fff2f511f7492177.sol,0xd2a5b76694655433ab913297fff2f511f7492177.sol,mythril-0.24.7,solidity,2024/03/24,20250227_0840,1740651788.4151,610.964832305908,,{},{},{},{DOCKER_TIMEOUT}
../bench/0xd2bae9a30a40376d25353773010ffe52dba0d688.sol,0xd2bae9a30a40376d25353773010ffe52dba0d688.sol,mythril-0.24.7,solidity,2024/03/24,20250227_0840,1740646332.23409,611.765556812286,,{},{},{},{DOCKER_TIMEOUT}
../bench/0xd2bb16cf38ca086cab5128d5c25de9477ebd596b.sol,0xd2bb16cf38ca086cab5128d5c25de9477ebd596b.sol,mythril-0.24.7,solidity,2024/03/24,20250227_0840,1740650198.4351,611.255112171173,,{},{},{},{DOCKER_TIMEOUT}
../bench/0xd2bfec3f80b7d966d7657a2ecc5982ee2f49336a.sol,0xd2bfec3f80b7d966d7657a2ecc5982ee2f49336a.sol,mythril-0.24.7,solidity,2024/03/24,20250227_0840,1740648953.34218,611.831567049027,,{},{},{},{DOCKER_TIMEOUT}
../bench/0xd2c21a585001d594183f6859a2796316505e37b8.sol,0xd2c21a585001d594183f6859a2796316505e37b8.sol,mythril-0.24.7,solidity,2024/03/24,20250227_0840,1740646944.0059,508.183257818222,0,{},{},{},{}
../bench/0xd2d111c0f3cf09777815b71dd3cac9d435bd760c.sol,0xd2d111c0f3cf09777815b71dd3cac9d435bd760c.sol,mythril-0.24.7,solidity,2024/03/24,20250227_0840,1740648774.97071,92.2282032966614,1,"{Exception_State_SWC_110,External_Call_To_User_Supplied_Address_SWC_107,Multiple_Calls_in_a_Single_Transaction_SWC_113,State_access_after_external_call_SWC_107}",{},{},{}
../bench/0xd2d660055fecf35b66e8e1da82c3aec55a6d2c51.sol,0xd2d660055fecf35b66e8e1da82c3aec55a6d2c51.sol,mythril-0.24.7,solidity,2024/03/24,20250227_0840,1740648902.55135,41.269702911377,0,{},{},{},{}
../bench/0xd2ea19be7cb6ab94f0fcdaa822fd0689e77fa950.sol,0xd2ea19be7cb6ab94f0fcdaa822fd0689e77fa950.sol,mythril-0.24.7,solidity,2024/03/24,20250227_0840,1740654109.11085,296.311598062515,1,{Exception_State_SWC_110},{},{},{}
../bench/0xd2ea3d1be7b482966ba8627ff009b84bac3bf51e.sol,0xd2ea3d1be7b482966ba8627ff009b84bac3bf51e.sol,mythril-0.24.7,solidity,2024/03/24,20250227_0840,1740648867.19981,28.0881326198578,1,{Dependence_on_tx_origin_SWC_115},{},{},{}
../bench/CsigmaV2FundManager.sol,CsigmaV2FundManager.sol,mythril-0.24.7,solidity,2024/03/24,20250227_0840,1740649572.34939,6.82157063484192,0,{},{},{Solc experienced a fatal error},{}
../bench/ERC721AQueryableUpgradeable.sol,ERC721AQueryableUpgradeable.sol,mythril-0.24.7,solidity,2024/03/24,20250227_0840,1740649565.17447,7.17371392250061,0,{},{},{Solc experienced a fatal error},{}
../bench/EnumerableMapExtended.sol,EnumerableMapExtended.sol,mythril-0.24.7,solidity,2024/03/24,20250227_0840,1740654101.77334,7.33647513389587,0,{},{},{Solc experienced a fatal error},{}
../bench/EnumerableSet.sol,EnumerableSet.sol,mythril-0.24.7,solidity,2024/03/24,20250227_0840,1740648943.82246,9.51867008209229,0,{},{},{},{}
../bench/HeyMintERC1155ExtensionD.sol,HeyMintERC1155ExtensionD.sol,mythril-0.24.7,solidity,2024/03/24,20250227_0840,1740650190.77779,7.65619206428528,0,{},{},{Solc experienced a fatal error},{}
../bench/Proof.sol,Proof.sol,mythril-0.24.7,solidity,2024/03/24,20250227_0840,1740648064.00665,18.7934532165527,0,{},{},{Solc experienced a fatal error},{}
../bench/braw.sol,braw.sol,mythril-0.24.7,solidity,2024/03/24,20250227_0840,1740648895.28894,7.26107716560364,0,{},{},{Solc experienced a fatal error},{}
../bench/standard.sol,standard.sol,mythril-0.24.7,solidity,2024/03/24,20250227_0840,1740654441.54916,9.1401469707489,0,{},{},{Solc experienced a fatal error},{}
../bench/0x272052c5d69d7904ef340a5f2945490c9fc3084b.sol,0x272052c5d69d7904ef340a5f2945490c9fc3084b.sol,oyente,solidity,2023/02/27,20250227_1157,1740657847.46541,110.46421289444,0,"{Integer_Overflow,Integer_Underflow}",{},{},{}
../bench/0xd2344f06ce022a7424619b2af222e71b65824975.sol,0xd2344f06ce022a7424619b2af222e71b65824975.sol,oyente,solidity,2023/02/27,20250227_1157,1740658272.31468,11.6378934383392,0,{},{},{},{}
../bench/0xd2354acf1a2f06d69d8bc2e2048aabd404445df6.sol,0xd2354acf1a2f06d69d8bc2e2048aabd404445df6.sol,oyente,solidity,2023/02/27,20250227_1157,1740657737.14256,110.316739320755,0,{Integer_Overflow},{},{},{}
../bench/0xd2413729c24f77d77f53d3a3636e41ef65c4f0de.sol,0xd2413729c24f77d77f53d3a3636e41ef65c4f0de.sol,oyente,solidity,2023/02/27,20250227_1157,1740658019.19331,36.1381306648254,0,{Integer_Underflow},{},{},{}
../bench/0xd2425561799564001f13bc7586936a702675dc70.sol,0xd2425561799564001f13bc7586936a702675dc70.sol,oyente,solidity,2023/02/27,20250227_1157,1740657957.93096,25.1874978542328,0,{Integer_Underflow},{},{},{}
../bench/0xd26fb114401ec86887cd09f62eccd95fcf20b571.sol,0xd26fb114401ec86887cd09f62eccd95fcf20b571.sol,oyente,solidity,2023/02/27,20250227_1157,1740657983.12169,36.0670473575592,0,{Integer_Underflow},{},{},{}
../bench/0xd27b389de0234421dd98fe901c922ad4029cfe88.sol,0xd27b389de0234421dd98fe901c922ad4029cfe88.sol,oyente,solidity,2023/02/27,20250227_1157,1740658630.64016,33.833279132843,0,{Integer_Underflow},{},{},{}
../bench/0xd28130c3f252ae8a7931608d1820341685c5ae6c.sol,0xd28130c3f252ae8a7931608d1820341685c5ae6c.sol,oyente,solidity,2023/02/27,20250227_1157,1740658283.954,346.672271728516,0,"{Integer_Overflow,Integer_Underflow}",{},{},{}
../bench/0xd28cfec79db8d0a225767d06140aee280718ab7e.sol,0xd28cfec79db8d0a225767d06140aee280718ab7e.sol,oyente,solidity,2023/02/27,20250227_1157,1740659412.38258,15.77206158638,0,{Integer_Underflow},{},{},{}
../bench/0xd29336390aa40680c69392fe0e71bb59985bdcbc.sol,0xd29336390aa40680c69392fe0e71bb59985bdcbc.sol,oyente,solidity,2023/02/27,20250227_1157,1740658069.81745,198.932551145554,0,"{Integer_Overflow,Integer_Underflow}",{},{},{}
../bench/0xd29b239328ce77775ee518bbab99d40dbfe3cf2e.sol,0xd29b239328ce77775ee518bbab99d40dbfe3cf2e.sol,oyente,solidity,2023/02/27,20250227_1157,1740659299.41887,112.962889671326,0,"{Integer_Overflow,Integer_Underflow}",{},{},{}
../bench/0xd29f0b5b3f50b07fe9a9511f7d86f4f4bac3f8c4.sol,0xd29f0b5b3f50b07fe9a9511f7d86f4f4bac3f8c4.sol,oyente,solidity,2023/02/27,20250227_1157,1740657698.44228,36.1717813014984,0,{Integer_Underflow},{},{},{}
../bench/0xd2a5b76694655433ab913297fff2f511f7492177.sol,0xd2a5b76694655433ab913297fff2f511f7492177.sol,oyente,solidity,2023/02/27,20250227_1157,1740659431.65972,64.0910639762878,0,"{Integer_Overflow,Integer_Underflow}",{},{},{}
../bench/0xd2bae9a30a40376d25353773010ffe52dba0d688.sol,0xd2bae9a30a40376d25353773010ffe52dba0d688.sol,oyente,solidity,2023/02/27,20250227_1157,1740658690.47376,230.187816143036,1,"{Integer_Overflow,Integer_Underflow,Transaction_Ordering_Dependence_TOD}",{},{},{}
../bench/0xd2bb16cf38ca086cab5128d5c25de9477ebd596b.sol,0xd2bb16cf38ca086cab5128d5c25de9477ebd596b.sol,oyente,solidity,2023/02/27,20250227_1157,1740658922.94246,360.879082679749,1,"{Integer_Overflow,Integer_Underflow,Transaction_Ordering_Dependence_TOD}",{},{},{}
../bench/0xd2bfec3f80b7d966d7657a2ecc5982ee2f49336a.sol,0xd2bfec3f80b7d966d7657a2ecc5982ee2f49336a.sol,oyente,solidity,2023/02/27,20250227_1157,1740657642.09864,56.3404428958893,0,{Integer_Overflow},{},{},{}
../bench/0xd2c21a585001d594183f6859a2796316505e37b8.sol,0xd2c21a585001d594183f6859a2796316505e37b8.sol,oyente,solidity,2023/02/27,20250227_1157,1740658668.17439,18.1020843982697,0,{Integer_Underflow},{},{},{}
../bench/0xd2d111c0f3cf09777815b71dd3cac9d435bd760c.sol,0xd2d111c0f3cf09777815b71dd3cac9d435bd760c.sol,oyente,solidity,2023/02/27,20250227_1157,1740657734.61523,2.52672410011291,0,{},{},{},{}
../bench/0xd2d660055fecf35b66e8e1da82c3aec55a6d2c51.sol,0xd2d660055fecf35b66e8e1da82c3aec55a6d2c51.sol,oyente,solidity,2023/02/27,20250227_1157,1740658920.66251,2.27937459945679,0,{},{},{},{}
../bench/0xd2ea19be7cb6ab94f0fcdaa822fd0689e77fa950.sol,0xd2ea19be7cb6ab94f0fcdaa822fd0689e77fa950.sol,oyente,solidity,2023/02/27,20250227_1157,1740659286.4118,13.0059566497803,0,"{Integer_Overflow,Integer_Underflow}",{},{},{}
../bench/0xd2ea3d1be7b482966ba8627ff009b84bac3bf51e.sol,0xd2ea3d1be7b482966ba8627ff009b84bac3bf51e.sol,oyente,solidity,2023/02/27,20250227_1157,1740658060.28982,9.52616453170776,1,{Transaction_Ordering_Dependence_TOD},{},{},{}
../bench/CsigmaV2FundManager.sol,CsigmaV2FundManager.sol,oyente,solidity,2023/02/27,20250227_1157,1740659429.82637,1.83271431922913,1,{},{analysis incomplete},{Solidity compilation failed},{}
../bench/ERC721AQueryableUpgradeable.sol,ERC721AQueryableUpgradeable.sol,oyente,solidity,2023/02/27,20250227_1157,1740659283.8222,1.2536301612854,1,{},{analysis incomplete},{Solidity compilation failed},{}
../bench/EnumerableMapExtended.sol,EnumerableMapExtended.sol,oyente,solidity,2023/02/27,20250227_1157,1740659285.07643,1.33389091491699,1,{},{analysis incomplete},{Solidity compilation failed},{}
../bench/EnumerableSet.sol,EnumerableSet.sol,oyente,solidity,2023/02/27,20250227_1157,1740658055.33605,4.95207262039185,1,{},{analysis incomplete},{Solidity compilation failed},{}
../bench/HeyMintERC1155ExtensionD.sol,HeyMintERC1155ExtensionD.sol,oyente,solidity,2023/02/27,20250227_1157,1740658268.75212,3.55237460136414,1,{},{analysis incomplete},{Solidity compilation failed},{}
../bench/Proof.sol,Proof.sol,oyente,solidity,2023/02/27,20250227_1157,1740658664.48031,3.69229984283447,1,{},{analysis incomplete},{Solidity compilation failed},{}
../bench/braw.sol,braw.sol,oyente,solidity,2023/02/27,20250227_1157,1740658686.27948,4.19015836715698,1,{},{analysis incomplete},{Solidity compilation failed},{}
../bench/standard.sol,standard.sol,oyente,solidity,2023/02/27,20250227_1157,1740659428.1567,1.66867876052856,1,{},{analysis incomplete},{Solidity compilation failed},{}
./0x0D457d09A70763ce09c0B8c34556D020B93FBAB8.sol,0x0D457d09A70763ce09c0B8c34556D020B93FBAB8.sol,semgrep,solidity,2023/08/21,20250227_1718,1740676753.96978,23.0329487323761,0,"{init_variables_with_default_value,non_payable_constructor,state_variable_read_in_a_loop,unnecessary_checked_arithmetic_in_loop,use_abi_encodecall_instead_of_encodewithselector,use_custom_error_not_require,use_nested_if,use_ownable2step,use_prefix_increment_not_postfix,use_short_revert_string}",{},{},{}
../bench/0x272052c5d69d7904ef340a5f2945490c9fc3084b.sol,0x272052c5d69d7904ef340a5f2945490c9fc3084b.sol,slither-0.10.4,solidity,2024/04/30,20250217_1236,1739795825.72554,1.61983036994934,255,"{constable_states,dead_code,divide_before_multiply,erc20_interface,events_access,external_function,missing_zero_check,msg_value_loop,naming_convention,reentrancy_unlimited_gas,solc_version,timestamp,too_many_digits,unused_state}",{},{},{}
../bench/0xd2344f06ce022a7424619b2af222e71b65824975.sol,0xd2344f06ce022a7424619b2af222e71b65824975.sol,slither-0.10.4,solidity,2024/04/30,20250217_1236,1739795811.50725,1.72886252403259,255,"{calls_loop,constable_states,divide_before_multiply,missing_inheritance,naming_convention,reentrancy_eth,reentrancy_events,solc_version,timestamp,uninitialized_local,unused_return}",{},{},{}
../bench/0xd2354acf1a2f06d69d8bc2e2048aabd404445df6.sol,0xd2354acf1a2f06d69d8bc2e2048aabd404445df6.sol,slither-0.10.4,solidity,2024/04/30,20250217_1236,1739795793.42412,3.02819681167603,255,"{cache_array_length,calls_loop,constable_states,controlled_array_length,divide_before_multiply,events_access,events_maths,external_function,function_init_state,missing_zero_check,naming_convention,reentrancy_benign,reentrancy_events,reentrancy_no_eth,solc_version,timestamp,too_many_digits,unchecked_transfer,unused_return}",{},{},{}
../bench/0xd2413729c24f77d77f53d3a3636e41ef65c4f0de.sol,0xd2413729c24f77d77f53d3a3636e41ef65c4f0de.sol,slither-0.10.4,solidity,2024/04/30,20250217_1236,1739795827.34666,1.27925133705139,255,"{external_function,locked_ether,missing_zero_check,naming_convention,solc_version,too_many_digits}",{},{},{}
../bench/0xd2425561799564001f13bc7586936a702675dc70.sol,0xd2425561799564001f13bc7586936a702675dc70.sol,slither-0.10.4,solidity,2024/04/30,20250217_1236,1739795823.43115,1.14768505096436,255,"{constable_states,naming_convention,solc_version,too_many_digits}",{},{},{}
../bench/0xd26fb114401ec86887cd09f62eccd95fcf20b571.sol,0xd26fb114401ec86887cd09f62eccd95fcf20b571.sol,slither-0.10.4,solidity,2024/04/30,20250217_1236,1739795840.29015,1.4613151550293,255,"{external_function,locked_ether,missing_zero_check,naming_convention,solc_version,too_many_digits}",{},{},{}
../bench/0xd27b389de0234421dd98fe901c922ad4029cfe88.sol,0xd27b389de0234421dd98fe901c922ad4029cfe88.sol,slither-0.10.4,solidity,2024/04/30,20250217_1236,1739795807.41374,1.29231762886047,255,"{external_function,locked_ether,missing_zero_check,naming_convention,solc_version,too_many_digits}",{},{},{}
../bench/0xd28130c3f252ae8a7931608d1820341685c5ae6c.sol,0xd28130c3f252ae8a7931608d1820341685c5ae6c.sol,slither-0.10.4,solidity,2024/04/30,20250217_1236,1739795818.15954,2.25315618515015,255,"{arbitrary_send_erc20,boolean_equal,constable_states,events_access,events_maths,missing_zero_check,naming_convention,redundant_statements,reentrancy_events,reentrancy_no_eth,solc_version,unused_return}",{},{},{}
../bench/0xd28cfec79db8d0a225767d06140aee280718ab7e.sol,0xd28cfec79db8d0a225767d06140aee280718ab7e.sol,slither-0.10.4,solidity,2024/04/30,20250217_1236,1739795824.57968,1.14466023445129,255,"{locked_ether,naming_convention,solc_version}",{},{},{}
../bench/0xd29336390aa40680c69392fe0e71bb59985bdcbc.sol,0xd29336390aa40680c69392fe0e71bb59985bdcbc.sol,slither-0.10.4,solidity,2024/04/30,20250217_1236,1739795805.79384,1.6189272403717,255,"{constable_states,naming_convention,shadowing_state,solc_version,too_many_digits}",{},{},{}
../bench/0xd29b239328ce77775ee518bbab99d40dbfe3cf2e.sol,0xd29b239328ce77775ee518bbab99d40dbfe3cf2e.sol,slither-0.10.4,solidity,2024/04/30,20250217_1236,1739795821.48978,1.94021391868591,255,"{controlled_array_length,events_access,external_function,locked_ether,missing_zero_check,naming_convention,solc_version,tautology,timestamp}",{},{},{}
../bench/0xd29f0b5b3f50b07fe9a9511f7d86f4f4bac3f8c4.sol,0xd29f0b5b3f50b07fe9a9511f7d86f4f4bac3f8c4.sol,slither-0.10.4,solidity,2024/04/30,20250217_1236,1739795797.64765,1.43369030952454,255,"{dead_code,shadowing_local,solc_version,too_many_digits}",{},{},{}
../bench/0xd2a5b76694655433ab913297fff2f511f7492177.sol,0xd2a5b76694655433ab913297fff2f511f7492177.sol,slither-0.10.4,solidity,2024/04/30,20250217_1236,1739795831.54298,2.58238458633423,255,"{dead_code,events_maths,external_function,incorrect_equality,missing_zero_check,naming_convention,reentrancy_unlimited_gas,shadowing_local,solc_version,tautology,timestamp,too_many_digits}",{},{},{}
../bench/0xd2bae9a30a40376d25353773010ffe52dba0d688.sol,0xd2bae9a30a40376d25353773010ffe52dba0d688.sol,slither-0.10.4,solidity,2024/04/30,20250217_1236,1739795799.08223,2.67556071281433,255,"{assembly,constant_function_asm,controlled_array_length,external_function,naming_convention,reentrancy_events,reentrancy_no_eth,shadowing_local,solc_version,timestamp,unchecked_transfer}",{},{},{}
../bench/0xd2bb16cf38ca086cab5128d5c25de9477ebd596b.sol,0xd2bb16cf38ca086cab5128d5c25de9477ebd596b.sol,slither-0.10.4,solidity,2024/04/30,20250217_1236,1739795801.75942,2.89363241195679,255,"{arbitrary_send_erc20,external_function,naming_convention,solc_version,timestamp,too_many_digits}",{},{},{}
../bench/0xd2bfec3f80b7d966d7657a2ecc5982ee2f49336a.sol,0xd2bfec3f80b7d966d7657a2ecc5982ee2f49336a.sol,slither-0.10.4,solidity,2024/04/30,20250217_1236,1739795813.23732,1.65646362304688,255,"{external_function,naming_convention,solc_version,too_many_digits}",{},{},{}
../bench/0xd2c21a585001d594183f6859a2796316505e37b8.sol,0xd2c21a585001d594183f6859a2796316505e37b8.sol,slither-0.10.4,solidity,2024/04/30,20250217_1236,1739795838.75351,1.53579306602478,255,"{divide_before_multiply,reentrancy_unlimited_gas,solc_version,timestamp}",{},{},{}
../bench/0xd2d111c0f3cf09777815b71dd3cac9d435bd760c.sol,0xd2d111c0f3cf09777815b71dd3cac9d435bd760c.sol,slither-0.10.4,solidity,2024/04/30,20250217_1236,1739795816.54039,1.61778450012207,255,"{arbitrary_send_erc20,incorrect_modifier,naming_convention,reentrancy_events,solc_version}",{},{},{}
../bench/0xd2d660055fecf35b66e8e1da82c3aec55a6d2c51.sol,0xd2d660055fecf35b66e8e1da82c3aec55a6d2c51.sol,slither-0.10.4,solidity,2024/04/30,20250217_1236,1739795837.2624,1.48995447158813,255,"{naming_convention,solc_version}",{},{},{}
../bench/0xd2ea19be7cb6ab94f0fcdaa822fd0689e77fa950.sol,0xd2ea19be7cb6ab94f0fcdaa822fd0689e77fa950.sol,slither-0.10.4,solidity,2024/04/30,20250217_1236,1739795828.62678,1.32877707481384,255,"{constable_states,dead_code,naming_convention,solc_version}",{},{},{}
../bench/0xd2ea3d1be7b482966ba8627ff009b84bac3bf51e.sol,0xd2ea3d1be7b482966ba8627ff009b84bac3bf51e.sol,slither-0.10.4,solidity,2024/04/30,20250217_1236,1739795808.70693,1.34073305130005,255,{solc_version},{},{},{}
../bench/CsigmaV2FundManager.sol,CsigmaV2FundManager.sol,slither-0.10.4,solidity,2024/04/30,20250217_1236,1739795810.04835,1.45771336555481,1,{},{},{EXIT_CODE_1},"{""analysis unsuccessful, check output.json"",error parsing results: file could not be opened successfully,""exception (crytic_compile.platform.exceptions.InvalidCompilation: Invalid solc compilation Error: Source \""@openzeppelin/contracts-upgradeable/access/AccessControlUpgradeable.sol\"" not found: File not found.)"",exception (json.decoder.JSONDecodeError: Expecting value: line 1 column 1 (char 0))}"
../bench/ERC721AQueryableUpgradeable.sol,ERC721AQueryableUpgradeable.sol,slither-0.10.4,solidity,2024/04/30,20250217_1236,1739795796.45553,1.19093537330627,1,{},{},{EXIT_CODE_1},"{""analysis unsuccessful, check output.json"",error parsing results: file could not be opened successfully,""exception (crytic_compile.platform.exceptions.InvalidCompilation: Invalid solc compilation Error: Source \""/sb/IERC721AQueryableUpgradeable.sol\"" not found: File not found. Searched the following locations: \""\"".)"",exception (json.decoder.JSONDecodeError: Expecting value: line 1 column 1 (char 0))}"
../bench/EnumerableMapExtended.sol,EnumerableMapExtended.sol,slither-0.10.4,solidity,2024/04/30,20250217_1236,1739795820.41428,1.07444620132446,1,{},{},{EXIT_CODE_1},"{""analysis unsuccessful, check output.json"",error parsing results: file could not be opened successfully,""exception (crytic_compile.platform.exceptions.InvalidCompilation: Invalid solc compilation Error: Source \""@openzeppelin/contracts/utils/structs/EnumerableMap.sol\"" not found: File not found.)"",exception (json.decoder.JSONDecodeError: Expecting value: line 1 column 1 (char 0))}"
../bench/EnumerableSet.sol,EnumerableSet.sol,slither-0.10.4,solidity,2024/04/30,20250217_1236,1739795814.89476,1.64402532577515,255,"{assembly,solc_version}",{},{},{}
../bench/HeyMintERC1155ExtensionD.sol,HeyMintERC1155ExtensionD.sol,slither-0.10.4,solidity,2024/04/30,20250217_1236,1739795804.65516,1.13652396202087,1,{},{},{EXIT_CODE_1},"{""analysis unsuccessful, check output.json"",error parsing results: file could not be opened successfully,""exception (crytic_compile.platform.exceptions.InvalidCompilation: Invalid solc compilation Error: Source \""/sb/HeyMintERC1155Upgradeable.sol\"" not found: File not found. Searched the following locations: \""\"".)"",exception (json.decoder.JSONDecodeError: Expecting value: line 1 column 1 (char 0))}"
../bench/Proof.sol,Proof.sol,slither-0.10.4,solidity,2024/04/30,20250217_1236,1739795834.1266,1.54374480247498,1,{},{},{EXIT_CODE_1},"{""analysis unsuccessful, check output.json"",error parsing results: file could not be opened successfully,""exception (crytic_compile.platform.exceptions.InvalidCompilation: Invalid solc compilation Error: Source \""@openzeppelin/contracts/token/ERC721/extensions/ERC721Enumerable.sol\"" not found: File not found. Searched the following locations: \""\"".)"",exception (json.decoder.JSONDecodeError: Expecting value: line 1 column 1 (char 0))}"
../bench/braw.sol,braw.sol,slither-0.10.4,solidity,2024/04/30,20250217_1236,1739795829.95671,1.58512115478516,1,{},{},{EXIT_CODE_1},"{""analysis unsuccessful, check output.json"",error parsing results: file could not be opened successfully,""exception (crytic_compile.platform.exceptions.InvalidCompilation: Invalid solc compilation Error: Multiple SPDX license identifiers found in source file. Use \""AND\"" or \""OR\"" to combine multiple licenses. Please see https://spdx.org for more information.)"",exception (json.decoder.JSONDecodeError: Expecting value: line 1 column 1 (char 0))}"
../bench/standard.sol,standard.sol,slither-0.10.4,solidity,2024/04/30,20250217_1236,1739795835.67137,1.59022498130798,1,{},{},{EXIT_CODE_1},"{""analysis unsuccessful, check output.json"",error parsing results: file could not be opened successfully,exception (crytic_compile.platform.exceptions.InvalidCompilation: Invalid solc compilation Error: Illegal token: Invalid character in string.),exception (json.decoder.JSONDecodeError: Expecting value: line 1 column 1 (char 0))}"
../bench/0x272052c5d69d7904ef340a5f2945490c9fc3084b.sol,0x272052c5d69d7904ef340a5f2945490c9fc3084b.sol,smartcheck,solidity,2022/11/14,20250218_0941,1739871866.72478,4.00292468070984,0,"{SOLIDITY_DIV_MUL,SOLIDITY_ERC20_APPROVE,SOLIDITY_PRIVATE_MODIFIER_DONT_HIDE_DATA,SOLIDITY_SAFEMATH,SOLIDITY_TRANSFER_IN_LOOP,SOLIDITY_UPGRADE_TO_050}",{},{},{}
../bench/0xd2344f06ce022a7424619b2af222e71b65824975.sol,0xd2344f06ce022a7424619b2af222e71b65824975.sol,smartcheck,solidity,2022/11/14,20250218_0941,1739871858.42244,4.40635395050049,0,"{SOLIDITY_ADDRESS_HARDCODED,SOLIDITY_DIV_MUL,SOLIDITY_GAS_LIMIT_IN_LOOPS,SOLIDITY_PRAGMAS_VERSION,SOLIDITY_REDUNDANT_FALLBACK_REJECT,SOLIDITY_SAFEMATH,SOLIDITY_TX_ORIGIN,SOLIDITY_VISIBILITY}",{},{},{}
../bench/0xd2354acf1a2f06d69d8bc2e2048aabd404445df6.sol,0xd2354acf1a2f06d69d8bc2e2048aabd404445df6.sol,smartcheck,solidity,2022/11/14,20250218_0941,1739871839.3254,5.5465395450592,0,"{SOLIDITY_ADDRESS_HARDCODED,SOLIDITY_DIV_MUL,SOLIDITY_ERC20_APPROVE,SOLIDITY_EXTRA_GAS_IN_LOOPS,SOLIDITY_GAS_LIMIT_IN_LOOPS,SOLIDITY_PRAGMAS_VERSION,SOLIDITY_SAFEMATH,SOLIDITY_UPGRADE_TO_050,SOLIDITY_VISIBILITY}",{},{},{}
../bench/0xd2413729c24f77d77f53d3a3636e41ef65c4f0de.sol,0xd2413729c24f77d77f53d3a3636e41ef65c4f0de.sol,smartcheck,solidity,2022/11/14,20250218_0941,1739871928.11802,3.89788937568665,0,"{SOLIDITY_ADDRESS_HARDCODED,SOLIDITY_DEPRECATED_CONSTRUCTIONS,SOLIDITY_ERC20_APPROVE,SOLIDITY_PRAGMAS_VERSION,SOLIDITY_REDUNDANT_FALLBACK_REJECT,SOLIDITY_UPGRADE_TO_050,SOLIDITY_VISIBILITY}",{},{},{}
../bench/0xd2425561799564001f13bc7586936a702675dc70.sol,0xd2425561799564001f13bc7586936a702675dc70.sol,smartcheck,solidity,2022/11/14,20250218_0941,1739871848.04715,3.21864414215088,0,{SOLIDITY_UPGRADE_TO_050},{},{},{}
../bench/0xd26fb114401ec86887cd09f62eccd95fcf20b571.sol,0xd26fb114401ec86887cd09f62eccd95fcf20b571.sol,smartcheck,solidity,2022/11/14,20250218_0941,1739871851.267,3.43641209602356,0,"{SOLIDITY_ADDRESS_HARDCODED,SOLIDITY_DEPRECATED_CONSTRUCTIONS,SOLIDITY_ERC20_APPROVE,SOLIDITY_PRAGMAS_VERSION,SOLIDITY_REDUNDANT_FALLBACK_REJECT,SOLIDITY_UPGRADE_TO_050,SOLIDITY_VISIBILITY}",{},{},{}
../bench/0xd27b389de0234421dd98fe901c922ad4029cfe88.sol,0xd27b389de0234421dd98fe901c922ad4029cfe88.sol,smartcheck,solidity,2022/11/14,20250218_0941,1739871905.27908,5.39189863204956,0,"{SOLIDITY_ADDRESS_HARDCODED,SOLIDITY_DEPRECATED_CONSTRUCTIONS,SOLIDITY_ERC20_APPROVE,SOLIDITY_PRAGMAS_VERSION,SOLIDITY_REDUNDANT_FALLBACK_REJECT,SOLIDITY_SAFEMATH,SOLIDITY_UPGRADE_TO_050,SOLIDITY_VISIBILITY}",{},{},{}
../bench/0xd28130c3f252ae8a7931608d1820341685c5ae6c.sol,0xd28130c3f252ae8a7931608d1820341685c5ae6c.sol,smartcheck,solidity,2022/11/14,20250218_0941,1739871874.53735,4.92683887481689,0,"{SOLIDITY_ADDRESS_HARDCODED,SOLIDITY_ARRAY_LENGTH_MANIPULATION,SOLIDITY_ERC20_APPROVE,SOLIDITY_OVERPOWERED_ROLE,SOLIDITY_PRAGMAS_VERSION,SOLIDITY_SAFEMATH}",{},{},{}
../bench/0xd28cfec79db8d0a225767d06140aee280718ab7e.sol,0xd28cfec79db8d0a225767d06140aee280718ab7e.sol,smartcheck,solidity,2022/11/14,20250218_0941,1739871924.38472,3.73250842094421,0,"{SOLIDITY_DEPRECATED_CONSTRUCTIONS,SOLIDITY_ERC20_APPROVE,SOLIDITY_LOCKED_MONEY,SOLIDITY_REDUNDANT_FALLBACK_REJECT,SOLIDITY_UPGRADE_TO_050,SOLIDITY_VISIBILITY}",{},{},{}
../bench/0xd29336390aa40680c69392fe0e71bb59985bdcbc.sol,0xd29336390aa40680c69392fe0e71bb59985bdcbc.sol,smartcheck,solidity,2022/11/14,20250218_0941,1739871862.83062,3.89346861839294,0,"{SOLIDITY_ADDRESS_HARDCODED,SOLIDITY_ERC20_APPROVE,SOLIDITY_PRAGMAS_VERSION,SOLIDITY_SAFEMATH,SOLIDITY_VISIBILITY}",{},{},{}
../bench/0xd29b239328ce77775ee518bbab99d40dbfe3cf2e.sol,0xd29b239328ce77775ee518bbab99d40dbfe3cf2e.sol,smartcheck,solidity,2022/11/14,20250218_0941,1739871894.44362,4.84160470962524,0,"{SOLIDITY_ADDRESS_HARDCODED,SOLIDITY_ARRAY_LENGTH_MANIPULATION,SOLIDITY_ERC20_APPROVE,SOLIDITY_EXTRA_GAS_IN_LOOPS,SOLIDITY_FUNCTIONS_RETURNS_TYPE_AND_NO_RETURN,SOLIDITY_GAS_LIMIT_IN_LOOPS,SOLIDITY_REDUNDANT_FALLBACK_REJECT,SOLIDITY_SAFEMATH,SOLIDITY_UPGRADE_TO_050,SOLIDITY_VISIBILITY}",{},{},{}
../bench/0xd29f0b5b3f50b07fe9a9511f7d86f4f4bac3f8c4.sol,0xd29f0b5b3f50b07fe9a9511f7d86f4f4bac3f8c4.sol,smartcheck,solidity,2022/11/14,20250218_0941,1739871899.28719,5.9897928237915,0,"{SOLIDITY_ERC20_APPROVE,SOLIDITY_PRAGMAS_VERSION,SOLIDITY_PRIVATE_MODIFIER_DONT_HIDE_DATA,SOLIDITY_SAFEMATH,SOLIDITY_UPGRADE_TO_050}",{},{},{}
../bench/0xd2a5b76694655433ab913297fff2f511f7492177.sol,0xd2a5b76694655433ab913297fff2f511f7492177.sol,smartcheck,solidity,2022/11/14,20250218_0941,1739871886.55979,4.75106048583984,0,"{SOLIDITY_ADDRESS_HARDCODED,SOLIDITY_ERC20_APPROVE,SOLIDITY_PRAGMAS_VERSION,SOLIDITY_PRIVATE_MODIFIER_DONT_HIDE_DATA,SOLIDITY_SAFEMATH,SOLIDITY_UPGRADE_TO_050}",{},{},{}
../bench/0xd2bae9a30a40376d25353773010ffe52dba0d688.sol,0xd2bae9a30a40376d25353773010ffe52dba0d688.sol,smartcheck,solidity,2022/11/14,20250218_0941,1739871833.18765,6.1366503238678,0,"{SOLIDITY_ADDRESS_HARDCODED,SOLIDITY_ARRAY_LENGTH_MANIPULATION,SOLIDITY_OVERPOWERED_ROLE,SOLIDITY_PRAGMAS_VERSION,SOLIDITY_PRIVATE_MODIFIER_DONT_HIDE_DATA,SOLIDITY_SAFEMATH,SOLIDITY_SHOULD_NOT_BE_VIEW,SOLIDITY_TX_ORIGIN,SOLIDITY_UPGRADE_TO_050,SOLIDITY_VISIBILITY}",{},{},{}
../bench/0xd2bb16cf38ca086cab5128d5c25de9477ebd596b.sol,0xd2bb16cf38ca086cab5128d5c25de9477ebd596b.sol,smartcheck,solidity,2022/11/14,20250218_0941,1739871822.26551,6.37901186943054,0,"{SOLIDITY_ADDRESS_HARDCODED,SOLIDITY_ERC20_APPROVE,SOLIDITY_EXTRA_GAS_IN_LOOPS,SOLIDITY_GAS_LIMIT_IN_LOOPS,SOLIDITY_PRAGMAS_VERSION,SOLIDITY_PRIVATE_MODIFIER_DONT_HIDE_DATA,SOLIDITY_REVERT_REQUIRE,SOLIDITY_SAFEMATH,SOLIDITY_UPGRADE_TO_050}",{},{},{}
../bench/0xd2bfec3f80b7d966d7657a2ecc5982ee2f49336a.sol,0xd2bfec3f80b7d966d7657a2ecc5982ee2f49336a.sol,smartcheck,solidity,2022/11/14,20250218_0941,1739871882.9829,3.57622122764587,0,"{SOLIDITY_ADDRESS_HARDCODED,SOLIDITY_ERC20_APPROVE,SOLIDITY_GAS_LIMIT_IN_LOOPS,SOLIDITY_PRAGMAS_VERSION,SOLIDITY_SAFEMATH,SOLIDITY_UPGRADE_TO_050,SOLIDITY_VISIBILITY}",{},{},{}
../bench/0xd2c21a585001d594183f6859a2796316505e37b8.sol,0xd2c21a585001d594183f6859a2796316505e37b8.sol,smartcheck,solidity,2022/11/14,20250218_0941,1739871879.46478,3.51682209968567,0,"{SOLIDITY_DIV_MUL,SOLIDITY_LOCKED_MONEY,SOLIDITY_PRAGMAS_VERSION,SOLIDITY_PRIVATE_MODIFIER_DONT_HIDE_DATA,SOLIDITY_VISIBILITY}",{},{},{}
../bench/0xd2d111c0f3cf09777815b71dd3cac9d435bd760c.sol,0xd2d111c0f3cf09777815b71dd3cac9d435bd760c.sol,smartcheck,solidity,2022/11/14,20250218_0941,1739871891.31171,3.1310510635376,0,"{SOLIDITY_PRAGMAS_VERSION,SOLIDITY_VISIBILITY}",{},{},{}
../bench/0xd2d660055fecf35b66e8e1da82c3aec55a6d2c51.sol,0xd2d660055fecf35b66e8e1da82c3aec55a6d2c51.sol,smartcheck,solidity,2022/11/14,20250218_0941,1739871932.01727,3.17904114723206,0,"{SOLIDITY_ADDRESS_HARDCODED,SOLIDITY_FUNCTIONS_RETURNS_TYPE_AND_NO_RETURN,SOLIDITY_PRAGMAS_VERSION}",{},{},{}
../bench/0xd2ea19be7cb6ab94f0fcdaa822fd0689e77fa950.sol,0xd2ea19be7cb6ab94f0fcdaa822fd0689e77fa950.sol,smartcheck,solidity,2022/11/14,20250218_0941,1739871910.6716,4.06225657463074,0,"{SOLIDITY_DEPRECATED_CONSTRUCTIONS,SOLIDITY_ERC20_APPROVE,SOLIDITY_PRAGMAS_VERSION,SOLIDITY_VISIBILITY}",{},{},{}
../bench/0xd2ea3d1be7b482966ba8627ff009b84bac3bf51e.sol,0xd2ea3d1be7b482966ba8627ff009b84bac3bf51e.sol,smartcheck,solidity,2022/11/14,20250218_0941,1739871844.8726,3.17371439933777,0,"{SOLIDITY_PRAGMAS_VERSION,SOLIDITY_UPGRADE_TO_050,SOLIDITY_VAR,SOLIDITY_VISIBILITY}",{},{},{}
../bench/CsigmaV2FundManager.sol,CsigmaV2FundManager.sol,smartcheck,solidity,2022/11/14,20250218_0941,1739871935.19713,3.19214868545532,0,"{SOLIDITY_PRIVATE_MODIFIER_DONT_HIDE_DATA,SOLIDITY_VISIBILITY}",{},{},{}
../bench/ERC721AQueryableUpgradeable.sol,ERC721AQueryableUpgradeable.sol,smartcheck,solidity,2022/11/14,20250218_0941,1739871797.71081,24.5523459911346,0,"{SOLIDITY_PRAGMAS_VERSION,SOLIDITY_SHOULD_NOT_BE_VIEW,SOLIDITY_USING_INLINE_ASSEMBLY}",{},{},{}
../bench/EnumerableMapExtended.sol,EnumerableMapExtended.sol,smartcheck,solidity,2022/11/14,20250218_0941,1739871854.70415,3.71628594398499,0,"{SOLIDITY_EXTRA_GAS_IN_LOOPS,SOLIDITY_GAS_LIMIT_IN_LOOPS,SOLIDITY_PRAGMAS_VERSION,SOLIDITY_SHOULD_RETURN_STRUCT}",{},{},{}
../bench/EnumerableSet.sol,EnumerableSet.sol,smartcheck,solidity,2022/11/14,20250218_0941,1739871920.44389,3.94019913673401,0,"{SOLIDITY_PRAGMAS_VERSION,SOLIDITY_SHOULD_NOT_BE_VIEW,SOLIDITY_USING_INLINE_ASSEMBLY}",{},{},{}
../bench/HeyMintERC1155ExtensionD.sol,HeyMintERC1155ExtensionD.sol,smartcheck,solidity,2022/11/14,20250218_0941,1739871828.64682,4.53984236717224,0,"{SOLIDITY_EXTRA_GAS_IN_LOOPS,SOLIDITY_GAS_LIMIT_IN_LOOPS,SOLIDITY_OVERPOWERED_ROLE,SOLIDITY_SHOULD_RETURN_STRUCT}",{},{},{}
../bench/Proof.sol,Proof.sol,smartcheck,solidity,2022/11/14,20250218_0941,1739871870.72891,3.80779981613159,0,"{SOLIDITY_PRAGMAS_VERSION,SOLIDITY_VISIBILITY}",{},{},{}
../bench/braw.sol,braw.sol,smartcheck,solidity,2022/11/14,20250218_0941,1739871914.73605,5.70705485343933,0,"{SOLIDITY_ADDRESS_HARDCODED,SOLIDITY_EXTRA_GAS_IN_LOOPS,SOLIDITY_GAS_LIMIT_IN_LOOPS,SOLIDITY_PRAGMAS_VERSION,SOLIDITY_PRIVATE_MODIFIER_DONT_HIDE_DATA,SOLIDITY_REVERT_REQUIRE,SOLIDITY_UPGRADE_TO_050,SOLIDITY_VISIBILITY}",{},{},{}
../bench/standard.sol,standard.sol,smartcheck,solidity,2022/11/14,20250218_0941,1739871938.39027,6.47637605667114,0,"{SOLIDITY_ADDRESS_HARDCODED,SOLIDITY_ERC20_APPROVE,SOLIDITY_EXTRA_GAS_IN_LOOPS,SOLIDITY_FUNCTIONS_RETURNS_TYPE_AND_NO_RETURN,SOLIDITY_GAS_LIMIT_IN_LOOPS,SOLIDITY_PRAGMAS_VERSION,SOLIDITY_PRIVATE_MODIFIER_DONT_HIDE_DATA,SOLIDITY_SHOULD_NOT_BE_PURE,SOLIDITY_SHOULD_RETURN_STRUCT,SOLIDITY_UNCHECKED_CALL,SOLIDITY_UPGRADE_TO_050,SOLIDITY_USING_INLINE_ASSEMBLY,SOLIDITY_VISIBILITY}",{},{},{}
../bench/0x272052c5d69d7904ef340a5f2945490c9fc3084b.sol,0x272052c5d69d7904ef340a5f2945490c9fc3084b.sol,solhint-3.3.8,solidity,2023/02/12,20250217_1308,1739797729.21995,2.61394214630127,1,"{compiler_version,contract_name_camelcase,no_empty_blocks,not_rely_on_time,reason_string,reentrancy,visibility_modifier_order}",{},{EXIT_CODE_1},{}
../bench/0xd2344f06ce022a7424619b2af222e71b65824975.sol,0xd2344f06ce022a7424619b2af222e71b65824975.sol,solhint-3.3.8,solidity,2023/02/12,20250217_1308,1739797757.83823,2.30484986305237,1,"{avoid_tx_origin,compiler_version,const_name_snakecase,event_name_camelcase,no_empty_blocks,no_inline_assembly,not_rely_on_time,reason_string,state_visibility,visibility_modifier_order}",{},{EXIT_CODE_1},{}
../bench/0xd2354acf1a2f06d69d8bc2e2048aabd404445df6.sol,0xd2354acf1a2f06d69d8bc2e2048aabd404445df6.sol,solhint-3.3.8,solidity,2023/02/12,20250217_1308,1739797765.11559,2.60110449790955,1,"{compiler_version,const_name_snakecase,max_states_count,no_empty_blocks,not_rely_on_time,reason_string,reentrancy,state_visibility,visibility_modifier_order}",{},{EXIT_CODE_1},{}
../bench/0xd2413729c24f77d77f53d3a3636e41ef65c4f0de.sol,0xd2413729c24f77d77f53d3a3636e41ef65c4f0de.sol,solhint-3.3.8,solidity,2023/02/12,20250217_1308,1739797771.9953,2.19570183753967,1,"{compiler_version,contract_name_camelcase,reason_string,state_visibility}",{},{EXIT_CODE_1},{}
../bench/0xd2425561799564001f13bc7586936a702675dc70.sol,0xd2425561799564001f13bc7586936a702675dc70.sol,solhint-3.3.8,solidity,2023/02/12,20250217_1308,1739797756.23959,1.59776616096497,1,"{compiler_version,reason_string,visibility_modifier_order}",{},{EXIT_CODE_1},{}
../bench/0xd26fb114401ec86887cd09f62eccd95fcf20b571.sol,0xd26fb114401ec86887cd09f62eccd95fcf20b571.sol,solhint-3.3.8,solidity,2023/02/12,20250217_1308,1739797711.07173,9.97701454162598,1,"{compiler_version,contract_name_camelcase,reason_string,state_visibility}",{},{EXIT_CODE_1},{}
../bench/0xd27b389de0234421dd98fe901c922ad4029cfe88.sol,0xd27b389de0234421dd98fe901c922ad4029cfe88.sol,solhint-3.3.8,solidity,2023/02/12,20250217_1308,1739797774.19176,1.86304068565369,1,"{compiler_version,reason_string,state_visibility}",{},{EXIT_CODE_1},{}
../bench/0xd28130c3f252ae8a7931608d1820341685c5ae6c.sol,0xd28130c3f252ae8a7931608d1820341685c5ae6c.sol,solhint-3.3.8,solidity,2023/02/12,20250217_1308,1739797776.05561,2.12148642539978,1,"{compiler_version,const_name_snakecase,no_empty_blocks,payable_fallback,quotes,reason_string,visibility_modifier_order}",{},{EXIT_CODE_1},{}
../bench/0xd28cfec79db8d0a225767d06140aee280718ab7e.sol,0xd28cfec79db8d0a225767d06140aee280718ab7e.sol,solhint-3.3.8,solidity,2023/02/12,20250217_1308,1739797780.94269,1.90528297424316,1,"{compiler_version,reason_string,state_visibility}",{},{EXIT_CODE_1},{}
../bench/0xd29336390aa40680c69392fe0e71bb59985bdcbc.sol,0xd29336390aa40680c69392fe0e71bb59985bdcbc.sol,solhint-3.3.8,solidity,2023/02/12,20250217_1308,1739797748.58015,2.3969361782074,1,"{compiler_version,no_empty_blocks,reason_string,state_visibility}",{},{EXIT_CODE_1},{}
../bench/0xd29b239328ce77775ee518bbab99d40dbfe3cf2e.sol,0xd29b239328ce77775ee518bbab99d40dbfe3cf2e.sol,solhint-3.3.8,solidity,2023/02/12,20250217_1308,1739797762.55665,2.55830478668213,1,"{compiler_version,contract_name_camelcase,not_rely_on_time,reason_string,state_visibility,visibility_modifier_order}",{},{EXIT_CODE_1},{}
../bench/0xd29f0b5b3f50b07fe9a9511f7d86f4f4bac3f8c4.sol,0xd29f0b5b3f50b07fe9a9511f7d86f4f4bac3f8c4.sol,solhint-3.3.8,solidity,2023/02/12,20250217_1308,1739797731.83622,2.60845541954041,1,"{compiler_version,reason_string,visibility_modifier_order}",{},{EXIT_CODE_1},{}
../bench/0xd2a5b76694655433ab913297fff2f511f7492177.sol,0xd2a5b76694655433ab913297fff2f511f7492177.sol,solhint-3.3.8,solidity,2023/02/12,20250217_1308,1739797754.1265,2.11217713356018,1,"{compiler_version,not_rely_on_time,quotes,reason_string,reentrancy,var_name_mixedcase,visibility_modifier_order}",{},{EXIT_CODE_1},{}
../bench/0xd2bae9a30a40376d25353773010ffe52dba0d688.sol,0xd2bae9a30a40376d25353773010ffe52dba0d688.sol,solhint-3.3.8,solidity,2023/02/12,20250217_1308,1739797722.81561,2.3389401435852,1,"{avoid_tx_origin,compiler_version,const_name_snakecase,no_empty_blocks,no_inline_assembly,not_rely_on_time,reason_string,state_visibility,visibility_modifier_order}",{},{EXIT_CODE_1},{}
../bench/0xd2bb16cf38ca086cab5128d5c25de9477ebd596b.sol,0xd2bb16cf38ca086cab5128d5c25de9477ebd596b.sol,solhint-3.3.8,solidity,2023/02/12,20250217_1308,1739797778.17827,2.76362729072571,1,"{compiler_version,contract_name_camelcase,not_rely_on_time,reason_string}",{},{EXIT_CODE_1},{}
../bench/0xd2bfec3f80b7d966d7657a2ecc5982ee2f49336a.sol,0xd2bfec3f80b7d966d7657a2ecc5982ee2f49336a.sol,solhint-3.3.8,solidity,2023/02/12,20250217_1308,1739797760.14376,2.41232061386108,1,"{compiler_version,const_name_snakecase,reason_string,state_visibility}",{},{EXIT_CODE_1},{}
../bench/0xd2c21a585001d594183f6859a2796316505e37b8.sol,0xd2c21a585001d594183f6859a2796316505e37b8.sol,solhint-3.3.8,solidity,2023/02/12,20250217_1308,1739797746.53706,2.04194188117981,1,"{compiler_version,const_name_snakecase,no_complex_fallback,not_rely_on_time,reentrancy,state_visibility}",{},{EXIT_CODE_1},{}
../bench/0xd2d111c0f3cf09777815b71dd3cac9d435bd760c.sol,0xd2d111c0f3cf09777815b71dd3cac9d435bd760c.sol,solhint-3.3.8,solidity,2023/02/12,20250217_1308,1739797782.84893,1.60455274581909,1,"{compiler_version,contract_name_camelcase,state_visibility,visibility_modifier_order}",{},{EXIT_CODE_1},{}
../bench/0xd2d660055fecf35b66e8e1da82c3aec55a6d2c51.sol,0xd2d660055fecf35b66e8e1da82c3aec55a6d2c51.sol,solhint-3.3.8,solidity,2023/02/12,20250217_1308,1739797770.09757,1.89695358276367,1,"{compiler_version,no_empty_blocks,reason_string}",{},{EXIT_CODE_1},{}
../bench/0xd2ea19be7cb6ab94f0fcdaa822fd0689e77fa950.sol,0xd2ea19be7cb6ab94f0fcdaa822fd0689e77fa950.sol,solhint-3.3.8,solidity,2023/02/12,20250217_1308,1739797725.1554,1.70832705497742,1,"{compiler_version,func_visibility,state_visibility,var_name_mixedcase}",{},{EXIT_CODE_1},{}
../bench/0xd2ea3d1be7b482966ba8627ff009b84bac3bf51e.sol,0xd2ea3d1be7b482966ba8627ff009b84bac3bf51e.sol,solhint-3.3.8,solidity,2023/02/12,20250217_1308,1739797750.97768,1.54042100906372,1,"{avoid_tx_origin,compiler_version,reason_string,state_visibility,visibility_modifier_order}",{},{EXIT_CODE_1},{}
../bench/CsigmaV2FundManager.sol,CsigmaV2FundManager.sol,solhint-3.3.8,solidity,2023/02/12,20250217_1308,1739797743.98638,2.55001616477966,1,"{compiler_version,func_visibility,no_empty_blocks}",{},{EXIT_CODE_1},{}
../bench/ERC721AQueryableUpgradeable.sol,ERC721AQueryableUpgradeable.sol,solhint-3.3.8,solidity,2023/02/12,20250217_1308,1739797738.26256,2.39826560020447,1,"{compiler_version,func_name_mixedcase,no_empty_blocks,no_inline_assembly,quotes}",{},{EXIT_CODE_1},{}
../bench/EnumerableMapExtended.sol,EnumerableMapExtended.sol,solhint-3.3.8,solidity,2023/02/12,20250217_1308,1739797752.51967,1.60572385787964,1,{compiler_version},{},{EXIT_CODE_1},{}
../bench/EnumerableSet.sol,EnumerableSet.sol,solhint-3.3.8,solidity,2023/02/12,20250217_1308,1739797721.05,1.76235437393188,1,"{compiler_version,no_inline_assembly}",{},{EXIT_CODE_1},{}
../bench/HeyMintERC1155ExtensionD.sol,HeyMintERC1155ExtensionD.sol,solhint-3.3.8,solidity,2023/02/12,20250217_1308,1739797767.71741,2.37937211990356,1,"{compiler_version,not_rely_on_time,reason_string}",{},{EXIT_CODE_1},{}
../bench/Proof.sol,Proof.sol,solhint-3.3.8,solidity,2023/02/12,20250217_1308,1739797726.86441,2.35349202156067,1,"{compiler_version,func_visibility}",{},{EXIT_CODE_1},{}
../bench/braw.sol,braw.sol,solhint-3.3.8,solidity,2023/02/12,20250217_1308,1739797740.66672,3.31829524040222,1,"{avoid_low_level_calls,compiler_version,func_name_mixedcase,imports_on_top,no_empty_blocks,no_inline_assembly,not_rely_on_time,reason_string}",{},{EXIT_CODE_1},{}
../bench/standard.sol,standard.sol,solhint-3.3.8,solidity,2023/02/12,20250217_1308,1739797734.44548,3.81599283218384,1,"{avoid_low_level_calls,compiler_version,func_visibility,no_empty_blocks,no_inline_assembly,not_rely_on_time,reason_string,var_name_mixedcase}",{},{EXIT_CODE_1},{}
../bench/0x272052c5d69d7904ef340a5f2945490c9fc3084b.sol,0x272052c5d69d7904ef340a5f2945490c9fc3084b.sol,sFuzz,solidity,2022/12/31,20250226_1431,1740585414.4185,2.61866760253906,1,{},,,
../bench/0xd2344f06ce022a7424619b2af222e71b65824975.sol,0xd2344f06ce022a7424619b2af222e71b65824975.sol,sFuzz,solidity,2022/12/31,20250226_1431,1740580855.79387,3.70181155204773,1,{},,,
../bench/0xd2354acf1a2f06d69d8bc2e2048aabd404445df6.sol,0xd2354acf1a2f06d69d8bc2e2048aabd404445df6.sol,sFuzz,solidity,2022/12/31,20250226_1431,1740583976.312,470.823197364807,0,"{Assertion_Failure,Integer_Overflow}",,,
../bench/0xd2413729c24f77d77f53d3a3636e41ef65c4f0de.sol,0xd2413729c24f77d77f53d3a3636e41ef65c4f0de.sol,sFuzz,solidity,2022/12/31,20250226_1431,1740584839.29647,575.118764400482,0,{Integer_Overflow},,,
../bench/0xd2425561799564001f13bc7586936a702675dc70.sol,0xd2425561799564001f13bc7586936a702675dc70.sol,sFuzz,solidity,2022/12/31,20250226_1431,1740580429.92108,425.856662273407,0,{},,,
../bench/0xd26fb114401ec86887cd09f62eccd95fcf20b571.sol,0xd26fb114401ec86887cd09f62eccd95fcf20b571.sol,sFuzz,solidity,2022/12/31,20250226_1431,1740582313.51157,577.906073570251,0,{Integer_Overflow},,,
../bench/0xd27b389de0234421dd98fe901c922ad4029cfe88.sol,0xd27b389de0234421dd98fe901c922ad4029cfe88.sol,sFuzz,solidity,2022/12/31,20250226_1431,1740584450.47837,383.837078094482,0,{},,,
../bench/0xd28130c3f252ae8a7931608d1820341685c5ae6c.sol,0xd28130c3f252ae8a7931608d1820341685c5ae6c.sol,sFuzz,solidity,2022/12/31,20250226_1431,1740583302.67454,2.48613905906677,1,{},,,
../bench/0xd28cfec79db8d0a225767d06140aee280718ab7e.sol,0xd28cfec79db8d0a225767d06140aee280718ab7e.sol,sFuzz,solidity,2022/12/31,20250226_1431,1740581729.25784,584.250928163528,0,{},,,
../bench/0xd29336390aa40680c69392fe0e71bb59985bdcbc.sol,0xd29336390aa40680c69392fe0e71bb59985bdcbc.sol,sFuzz,solidity,2022/12/31,20250226_1431,1740583305.16166,78.4920125007629,254,{},,,
../bench/0xd29b239328ce77775ee518bbab99d40dbfe3cf2e.sol,0xd29b239328ce77775ee518bbab99d40dbfe3cf2e.sol,sFuzz,solidity,2022/12/31,20250226_1431,1740581251.46042,477.794924497604,0,"{Assertion_Failure,Block_Dependency,Integer_Overflow}",,,
../bench/0xd29f0b5b3f50b07fe9a9511f7d86f4f4bac3f8c4.sol,0xd29f0b5b3f50b07fe9a9511f7d86f4f4bac3f8c4.sol,sFuzz,solidity,2022/12/31,20250226_1431,1740582910.0522,392.621351003647,0,{Integer_Overflow},,,
../bench/0xd2a5b76694655433ab913297fff2f511f7492177.sol,0xd2a5b76694655433ab913297fff2f511f7492177.sol,sFuzz,solidity,2022/12/31,20250226_1431,1740586478.68174,223.790367364883,254,{Integer_Overflow},,,
../bench/0xd2bae9a30a40376d25353773010ffe52dba0d688.sol,0xd2bae9a30a40376d25353773010ffe52dba0d688.sol,sFuzz,solidity,2022/12/31,20250226_1431,1740585417.03817,2.25728797912598,1,{},,,
../bench/0xd2bb16cf38ca086cab5128d5c25de9477ebd596b.sol,0xd2bb16cf38ca086cab5128d5c25de9477ebd596b.sol,sFuzz,solidity,2022/12/31,20250226_1431,1740584834.32394,4.97033548355103,1,{},,,
../bench/0xd2bfec3f80b7d966d7657a2ecc5982ee2f49336a.sol,0xd2bfec3f80b7d966d7657a2ecc5982ee2f49336a.sol,sFuzz,solidity,2022/12/31,20250226_1431,1740585419.29625,463.309859514236,0,"{Assertion_Failure,Integer_Overflow}",,,
../bench/0xd2c21a585001d594183f6859a2796316505e37b8.sol,0xd2c21a585001d594183f6859a2796316505e37b8.sol,sFuzz,solidity,2022/12/31,20250226_1431,1740583383.65468,592.645019769669,0,"{Block_Dependency,Transaction_Order_Dependency}",,,
../bench/0xd2d111c0f3cf09777815b71dd3cac9d435bd760c.sol,0xd2d111c0f3cf09777815b71dd3cac9d435bd760c.sol,sFuzz,solidity,2022/12/31,20250226_1431,1740580863.34432,383.603539466858,0,{},,,
../bench/0xd2d660055fecf35b66e8e1da82c3aec55a6d2c51.sol,0xd2d660055fecf35b66e8e1da82c3aec55a6d2c51.sol,sFuzz,solidity,2022/12/31,20250226_1431,1740586704.83749,583.202704429626,0,{},,,
../bench/0xd2ea19be7cb6ab94f0fcdaa822fd0689e77fa950.sol,0xd2ea19be7cb6ab94f0fcdaa822fd0689e77fa950.sol,sFuzz,solidity,2022/12/31,20250226_1431,1740580398.2664,31.653256893158,1,{},,,
../bench/0xd2ea3d1be7b482966ba8627ff009b84bac3bf51e.sol,0xd2ea3d1be7b482966ba8627ff009b84bac3bf51e.sol,sFuzz,solidity,2022/12/31,20250226_1431,1740585882.62713,596.046224355698,0,{},,,
../bench/CsigmaV2FundManager.sol,CsigmaV2FundManager.sol,sFuzz,solidity,2022/12/31,20250226_1431,1740581246.95285,4.506108045578,255,{},,,
../bench/ERC721AQueryableUpgradeable.sol,ERC721AQueryableUpgradeable.sol,sFuzz,solidity,2022/12/31,20250226_1431,1740580859.50623,3.83702969551086,255,{},,,
../bench/EnumerableMapExtended.sol,EnumerableMapExtended.sol,sFuzz,solidity,2022/12/31,20250226_1431,1740582905.36798,4.67911577224731,255,{},,,
../bench/EnumerableSet.sol,EnumerableSet.sol,sFuzz,solidity,2022/12/31,20250226_1431,1740582901.69016,3.67622995376587,0,{},,,
../bench/HeyMintERC1155ExtensionD.sol,HeyMintERC1155ExtensionD.sol,sFuzz,solidity,2022/12/31,20250226_1431,1740582896.70995,4.97792315483023,255,{},,,
../bench/Proof.sol,Proof.sol,sFuzz,solidity,2022/12/31,20250226_1431,1740582891.44479,5.25920414924622,255,{},,,
../bench/braw.sol,braw.sol,sFuzz,solidity,2022/12/31,20250226_1431,1740584447.13803,3.3392987251882,255,{},,,
../bench/standard.sol,standard.sol,sFuzz,solidity,2022/12/31,20250226_1431,1740586702.47309,3.33292987251817,255,{},,,
./0x0D457d09A70763ce09c0B8c34556D020B93FBAB8.sol,0x0D457d09A70763ce09c0B8c34556D020B93FBAB8.sol,sFuzz,solidity,2022/12/31,20250227_1705,1740675930.05167,2.88886666298913,255,{},,,
../bench/0x272052c5d69d7904ef340a5f2945490c9fc3084b.sol,0x272052c5d69d7904ef340a5f2945490c9fc3084b.sol,ethlint,solidity,2023/02/12,20250217_1308,1739797729.21995,2.61394214630127,1,"{compiler_version,contract_name_camelcase,no_empty_blocks,not_rely_on_time,reason_string,reentrancy,visibility_modifier_order}",{},{EXIT_CODE_1},{}
../bench/0xd2344f06ce022a7424619b2af222e71b65824975.sol,0xd2344f06ce022a7424619b2af222e71b65824975.sol,ethlint,solidity,2023/02/12,20250217_1308,1739797757.83823,2.30484986305237,1,"{avoid_tx_origin,compiler_version,const_name_snakecase,event_name_camelcase,no_empty_blocks,no_inline_assembly,not_rely_on_time,reason_string,state_visibility,visibility_modifier_order}",{},{EXIT_CODE_1},{}
../bench/0xd2354acf1a2f06d69d8bc2e2048aabd404445df6.sol,0xd2354acf1a2f06d69d8bc2e2048aabd404445df6.sol,ethlint,solidity,2023/02/12,20250217_1308,1739797765.11559,2.60110449790955,1,"{compiler_version,const_name_snakecase,max_states_count,no_empty_blocks,not_rely_on_time,reason_string,reentrancy,state_visibility,visibility_modifier_order}",{},{EXIT_CODE_1},{}
../bench/0xd2413729c24f77d77f53d3a3636e41ef65c4f0de.sol,0xd2413729c24f77d77f53d3a3636e41ef65c4f0de.sol,ethlint,solidity,2023/02/12,20250217_1308,1739797771.9953,2.19570183753967,1,"{compiler_version,contract_name_camelcase,reason_string,state_visibility}",{},{EXIT_CODE_1},{}
../bench/0xd2425561799564001f13bc7586936a702675dc70.sol,0xd2425561799564001f13bc7586936a702675dc70.sol,ethlint,solidity,2023/02/12,20250217_1308,1739797756.23959,1.59776616096497,1,"{compiler_version,reason_string,visibility_modifier_order}",{},{EXIT_CODE_1},{}
../bench/0xd26fb114401ec86887cd09f62eccd95fcf20b571.sol,0xd26fb114401ec86887cd09f62eccd95fcf20b571.sol,ethlint,solidity,2023/02/12,20250217_1308,1739797711.07173,9.97701454162598,1,"{compiler_version,contract_name_camelcase,reason_string,state_visibility}",{},{EXIT_CODE_1},{}
../bench/0xd27b389de0234421dd98fe901c922ad4029cfe88.sol,0xd27b389de0234421dd98fe901c922ad4029cfe88.sol,ethlint,solidity,2023/02/12,20250217_1308,1739797774.19176,1.86304068565369,1,"{compiler_version,reason_string,state_visibility}",{},{EXIT_CODE_1},{}
../bench/0xd28130c3f252ae8a7931608d1820341685c5ae6c.sol,0xd28130c3f252ae8a7931608d1820341685c5ae6c.sol,ethlint,solidity,2023/02/12,20250217_1308,1739797776.05561,2.12148642539978,1,"{compiler_version,const_name_snakecase,no_empty_blocks,payable_fallback,quotes,reason_string,visibility_modifier_order}",{},{EXIT_CODE_1},{}
../bench/0xd28cfec79db8d0a225767d06140aee280718ab7e.sol,0xd28cfec79db8d0a225767d06140aee280718ab7e.sol,ethlint,solidity,2023/02/12,20250217_1308,1739797780.94269,1.90528297424316,1,"{compiler_version,reason_string,state_visibility}",{},{EXIT_CODE_1},{}
../bench/0xd29336390aa40680c69392fe0e71bb59985bdcbc.sol,0xd29336390aa40680c69392fe0e71bb59985bdcbc.sol,ethlint,solidity,2023/02/12,20250217_1308,1739797748.58015,2.3969361782074,1,"{compiler_version,no_empty_blocks,reason_string,state_visibility}",{},{EXIT_CODE_1},{}
../bench/0xd29b239328ce77775ee518bbab99d40dbfe3cf2e.sol,0xd29b239328ce77775ee518bbab99d40dbfe3cf2e.sol,ethlint,solidity,2023/02/12,20250217_1308,1739797762.55665,2.55830478668213,1,"{compiler_version,contract_name_camelcase,not_rely_on_time,reason_string,state_visibility,visibility_modifier_order}",{},{EXIT_CODE_1},{}
../bench/0xd29f0b5b3f50b07fe9a9511f7d86f4f4bac3f8c4.sol,0xd29f0b5b3f50b07fe9a9511f7d86f4f4bac3f8c4.sol,ethlint,solidity,2023/02/12,20250217_1308,1739797731.83622,2.60845541954041,1,"{compiler_version,reason_string,visibility_modifier_order}",{},{EXIT_CODE_1},{}
../bench/0xd2a5b76694655433ab913297fff2f511f7492177.sol,0xd2a5b76694655433ab913297fff2f511f7492177.sol,ethlint,solidity,2023/02/12,20250217_1308,1739797754.1265,2.11217713356018,1,"{compiler_version,not_rely_on_time,quotes,reason_string,reentrancy,var_name_mixedcase,visibility_modifier_order}",{},{EXIT_CODE_1},{}
../bench/0xd2bae9a30a40376d25353773010ffe52dba0d688.sol,0xd2bae9a30a40376d25353773010ffe52dba0d688.sol,ethlint,solidity,2023/02/12,20250217_1308,1739797722.81561,2.3389401435852,1,"{avoid_tx_origin,compiler_version,const_name_snakecase,no_empty_blocks,no_inline_assembly,not_rely_on_time,reason_string,state_visibility,visibility_modifier_order}",{},{EXIT_CODE_1},{}
../bench/0xd2bb16cf38ca086cab5128d5c25de9477ebd596b.sol,0xd2bb16cf38ca086cab5128d5c25de9477ebd596b.sol,ethlint,solidity,2023/02/12,20250217_1308,1739797778.17827,2.76362729072571,1,"{compiler_version,contract_name_camelcase,not_rely_on_time,reason_string}",{},{EXIT_CODE_1},{}
../bench/0xd2bfec3f80b7d966d7657a2ecc5982ee2f49336a.sol,0xd2bfec3f80b7d966d7657a2ecc5982ee2f49336a.sol,ethlint,solidity,2023/02/12,20250217_1308,1739797760.14376,2.41232061386108,1,"{compiler_version,const_name_snakecase,reason_string,state_visibility}",{},{EXIT_CODE_1},{}
../bench/0xd2c21a585001d594183f6859a2796316505e37b8.sol,0xd2c21a585001d594183f6859a2796316505e37b8.sol,ethlint,solidity,2023/02/12,20250217_1308,1739797746.53706,2.04194188117981,1,"{compiler_version,const_name_snakecase,no_complex_fallback,not_rely_on_time,reentrancy,state_visibility}",{},{EXIT_CODE_1},{}
../bench/0xd2d111c0f3cf09777815b71dd3cac9d435bd760c.sol,0xd2d111c0f3cf09777815b71dd3cac9d435bd760c.sol,ethlint,solidity,2023/02/12,20250217_1308,1739797782.84893,1.60455274581909,1,"{compiler_version,contract_name_camelcase,state_visibility,visibility_modifier_order}",{},{EXIT_CODE_1},{}
../bench/0xd2d660055fecf35b66e8e1da82c3aec55a6d2c51.sol,0xd2d660055fecf35b66e8e1da82c3aec55a6d2c51.sol,ethlint,solidity,2023/02/12,20250217_1308,1739797770.09757,1.89695358276367,1,"{compiler_version,no_empty_blocks,reason_string}",{},{EXIT_CODE_1},{}
../bench/0xd2ea19be7cb6ab94f0fcdaa822fd0689e77fa950.sol,0xd2ea19be7cb6ab94f0fcdaa822fd0689e77fa950.sol,ethlint,solidity,2023/02/12,20250217_1308,1739797725.1554,1.70832705497742,1,"{compiler_version,func_visibility,state_visibility,var_name_mixedcase}",{},{EXIT_CODE_1},{}
../bench/0xd2ea3d1be7b482966ba8627ff009b84bac3bf51e.sol,0xd2ea3d1be7b482966ba8627ff009b84bac3bf51e.sol,ethlint,solidity,2023/02/12,20250217_1308,1739797750.97768,1.54042100906372,1,"{avoid_tx_origin,compiler_version,reason_string,state_visibility,visibility_modifier_order}",{},{EXIT_CODE_1},{}
../bench/CsigmaV2FundManager.sol,CsigmaV2FundManager.sol,ethlint,solidity,2023/02/12,20250217_1308,1739797743.98638,2.55001616477966,1,"{compiler_version,func_visibility,no_empty_blocks}",{},{EXIT_CODE_1},{}
../bench/ERC721AQueryableUpgradeable.sol,ERC721AQueryableUpgradeable.sol,ethlint,solidity,2023/02/12,20250217_1308,1739797738.26256,2.39826560020447,1,"{compiler_version,func_name_mixedcase,no_empty_blocks,no_inline_assembly,quotes}",{},{EXIT_CODE_1},{}
../bench/EnumerableMapExtended.sol,EnumerableMapExtended.sol,ethlint,solidity,2023/02/12,20250217_1308,1739797752.51967,1.60572385787964,1,{compiler_version},{},{EXIT_CODE_1},{}
../bench/EnumerableSet.sol,EnumerableSet.sol,ethlint,solidity,2023/02/12,20250217_1308,1739797721.05,1.76235437393188,1,"{compiler_version,no_inline_assembly}",{},{EXIT_CODE_1},{}
../bench/HeyMintERC1155ExtensionD.sol,HeyMintERC1155ExtensionD.sol,ethlint,solidity,2023/02/12,20250217_1308,1739797767.71741,2.37937211990356,1,"{compiler_version,not_rely_on_time,reason_string}",{},{EXIT_CODE_1},{}
../bench/Proof.sol,Proof.sol,ethlint,solidity,2023/02/12,20250217_1308,1739797726.86441,2.35349202156067,1,"{compiler_version,func_visibility}",{},{EXIT_CODE_1},{}
../bench/braw.sol,braw.sol,ethlint,solidity,2023/02/12,20250217_1308,1739797740.66672,3.31829524040222,1,"{avoid_low_level_calls,compiler_version,func_name_mixedcase,imports_on_top,no_empty_blocks,no_inline_assembly,not_rely_on_time,reason_string}",{},{EXIT_CODE_1},{}
../bench/standard.sol,standard.sol,ethlint,solidity,2023/02/12,20250217_1308,1739797734.44548,3.81599283218384,1,"{avoid_low_level_calls,compiler_version,func_visibility,no_empty_blocks,no_inline_assembly,not_rely_on_time,reason_string,var_name_mixedcase}",{},{EXIT_CODE_1},{}
